sujeto,dia_prueba,t_total_s,t_prueba1_s,t_prueba2_s,rechaza,llora,lo_toca,lo_prueba,lo_consume,val_inicio,aro_inicio,val1_antes,val1_durante,val1_despues,val2_antes,val2_durante,val2_despues,aro1_antes,aro1_durante,aro1_despues,aro2_antes,aro2_durante,aro2_despues,val_final,aro_final,comentarios
ID1,1,10.46,1.13,8.2,0.0,0.0,0.0,1.0,1.0,0.08405376,0.2255208,0.09441809,0.1022853,0.1080924,0.3720615,0.3926333,0.391042,0.2234594,0.195923,0.3346977,0.9242651,0.9213004,0.9128283,0.3323967,0.7401251,
ID1,2,15.3,5.22,11.3,0.0,0.0,0.0,1.0,1.0,0.3908818,0.99,0.1843787,0.1882534,0.1647963,0.2545249,0.423415,0.4017346,0.4034928,0.3547187,0.3430513,0.4445051,0.4445051,0.5769013,0.08836943,0.8983873,
ID1,3,22.16,1.3,8.63,0.0,0.0,0.0,1.0,1.0,0.07238618,0.4942,0.2045702,0.2114169,0.1503108,0.2319496,0.1753488,0.1531668,0.5098959,0.5866342,0.611978,0.8739771,0.8582032,0.828491,0.08091492,0.7747631,
ID1,4,24.39,1.03,10.16,0.0,0.0,0.0,1.0,1.0,,,,,0.09573639,0.3477081,0.2666226,0.2220472,,,0.7446055,0.5633453,0.544176,0.5222596,0.1144895,0.6568707,"Sólo lo consume la 1ra vez, 2da sólo pruba"
ID1,5,30.03,2.86,11.2,0.0,0.0,0.0,1.0,0.0,0.2773033,0.4484542,0.1709458,0.1388011,0.1257162,0.1036592,0.2232294,0.2665612,0.5601063,0.6002448,0.564554,0.6695504,0.6344402,0.6132188,0.06961995,0.7081411,
ID1,6,18.06,1.66,14.13,0.0,0.0,0.0,1.0,1.0,0.1244056,0.5328459,0.2663437,0.2912281,0.2975391,0.2320191,0.2654485,0.3005217,0.5836411,0.6716871,0.6628507,0.6208102,0.5414373,0.4710835,,,
ID1,7,24.56,2.13,15.73,0.0,0.0,0.0,1.0,1.0,0.3937583,0.903175,0.3061714,0.25008,0.2142682,0.2057492,0.1590829,0.1238653,0.9534001,0.9408424,0.9150357,0.6010894,0.5773733,0.6254344,0.3708604,0.7599266,Lo consume sólo la 2da vez
ID1,8,16.13,3.26,11.73,0.0,0.0,0.0,1.0,1.0,0.1621977,0.409075,0.2678629,0.2273164,0.1573585,0.08475626,0.09292223,0.09057581,0.6025187,0.5727664,0.5449232,0.6113518,0.6720524,0.6548849,,,
ID1,9,33.16,2.63,7.33,0.0,0.0,0.0,1.0,0.0,0.2405797,0.5592167,0.1962457,,,0.1587108,0.1321259,0.1290923,0.6621498,,,0.5703002,0.5519403,0.5149542,,,"Primeras 2 veces lo prueba, al 4to intento lo consume"
ID1,10,37.33,2.86,32.93,0.0,0.0,0.0,1.0,1.0,0.2963159,0.5407792,0.1181485,0.101003,0.1112219,0.1731236,0.1475703,0.1441858,0.615058,0.7078085,0.6981425,0.4468422,0.4019215,0.3735182,,,
ID1,11,18.73,1.5,3.43,0.0,0.0,0.0,1.0,1.0,0.1731134,0.6060042,0.3526806,0.3398498,0.3439848,0.3779947,0.3484415,0.2716425,0.7884769,0.7919184,0.7794912,0.3779947,0.7829572,0.746807,0.1700296,0.4501564,"1era vez sólo prueba, 2da consume"
ID1,12,21.33,3.6,9.9,0.0,0.0,0.0,1.0,1.0,0.07553978,0.2475,0.1140817,0.09534588,0.1166821,0.1295681,0.1385231,0.1354775,0.5163332,0.4703329,0.4393002,0.4122861,0.3919372,0.3752003,0.1207989,0.5138189,"1era vez sólo prueba, 2da consume"
ID1,13,21.29,3.11,10.3,0.0,0.0,0.0,1.0,1.0,0.1629333,0.57235,0.3269629,0.4831473,,0.1760402,0.2035878,0.1752403,0.7066146,0.73653,,0.3829641,0.3926499,0.4302371,0.1966855,0.2626756,
ID1,14,19.09,0.93,11.1,0.0,0.0,0.0,1.0,1.0,,,,0.115516,,0.1292886,0.1709283,0.2395472,,0.4126084,,0.6413258,0.5864004,0.5439318,0.1326854,0.7901102,"2da vez: 0,49 seg después (0,5 FIT_FAILED)"
ID1,15,18.86,1.63,12.1,0.0,0.0,0.0,1.0,1.0,0.1130981,0.601525,,0.1821491,0.1255434,0.2295672,0.1423743,0.13415,,0.7564171,0.7246944,0.7080662,0.6556586,0.6016923,0.08572582,0.557109,
ID2,1,15.89,0.63,8.43,0.0,0.0,0.0,1.0,1.0,,,0.4303353,0.4201879,0.3126775,0.383046,0.3910111,0.2178053,0.6045712,0.7128978,0.7213606,0.7324265,0.7355257,0.69043,0.07699348,0.752195,
ID2,2,21.06,4.7,16.3,0.0,0.0,0.0,1.0,1.0,0.3157233,0.7059375,0.2093909,0.2890919,0.2025354,0.1845351,0.2535517,0.215568,0.6871317,0.6329176,0.5997798,0.5017236,0.4877023,0.4664187,0.1668271,0.8143125,
ID2,3,27.03,,,1.0,1.0,0.0,0.0,0.0,0.3607439,0.35305,,,,,,,,,,,,,,,"Seg 21,11 la papilla toca los labios pero no lo prueba"
ID2,4,39.73,8.36,37.1,1.0,,0.0,1.0,1.0,0.1403031,0.07530001,0.2111477,0.232873,,0.6392401,0.5974893,0.5909316,0.5865557,0.5564353,,0.4594442,0.6724257,0.6759906,0.1419482,0.411069,"2da vez: 0,5 antes FIT_FAILED, anotado 0,48. 0,5 después FIT_FAILED, 0,49 anotado"
ID2,5,19.43,2.9,12.6,0.0,0.0,0.0,1.0,1.0,0.08556042,0.3470584,0.2838012,,,,,,0.6390883,,,,,,0.08152308,0.893075,
ID2,6,10.49,1.43,,0.0,0.0,0.0,1.0,1.0,,,,,,,,,,,,,,,,,
ID3,1,32.16,4.26,6.2,0.0,0.0,0.0,1.0,1.0,0.3740375,0.9754208,0.1988649,,0.2159939,0.18752,0.1426047,0.1167848,0.5074647,,0.468702,0.5135257,0.5034558,0.4894415,0.1716968,0.6520805,"¿2da prueba? 18,86. Hace pucheros"
ID3,2,24.23,4.43,17.06,0.0,0.0,0.0,1.0,0.0,0.4258815,0.8653625,0.138285,0.203841,0.3210213,,0.2581534,0.2308445,0.4488254,0.4224925,0.5092902,,0.906981,0.7869892,0.07162232,0.53429,
ID3,3,31.16,13.76,20.09,0.0,0.0,0.0,1.0,0.0,0.08344806,0.1381167,0.1563292,0.150162,0.1623059,0.2147297,0.2032492,0.2121862,0.4586549,0.435565,0.4189555,0.4548077,0.4389734,0.4304928,0.05974219,0.8573357,Esquiva la cuchara ¿rechazo?
ID3,4,11.69,0.7,,0.0,0.0,0.0,1.0,1.0,0.1431962,0.3749208,0.154942,0.2056298,0.2032728,,,,0.3737917,0.4182543,0.4701261,,,,0.2342016,0.7306529,"La segunda vez sí lo rechaza ( corre la cara), no lo prueba"
ID3,5,40.06,1.8,22.26,1.0,0.0,0.0,1.0,0.0,0.110574,0.476125,0.1861933,0.1809343,0.1641362,0.09999079,0.09804553,0.136908,0.5067814,0.4905707,0.4609474,0.5601228,0.5382319,0.6215369,0.07869221,0.7454267,"1era vez no lo prueba, lo rechaza y hace puchero"
ID3,6.1,22.33,6.7,,1.0,0.0,0.0,0.0,0.0,0.09154134,0.8311625,0.08754081,0.09610073,0.1133165,,,,0.7206476,0.6658671,0.6120194,,,,0.05373215,0.99,La cuchara sólo toca los labios. Hace pucheros
ID3,6.2,15.76,2.27,,0.0,0.0,0.0,1.0,0.0,0.07186207,0.99,0.1355303,0.1396538,0.1422011,,,,0.8180348,0.7104184,0.6176952,,,,0.07147405,0.6855917,Hace pucheros
ID3,7.1,11.79,,,1.0,0.0,0.0,0.0,0.0,0.3724247,0.99,,,,,,,,,,,,,,,Rechaza y casi se pone a llorar
ID3,7.2,19.06,1.26,14.13,0.0,0.0,0.0,1.0,1.0,0.3739474,0.99,0.3414004,0.2880399,0.3070621,0.3182788,0.335007,0.2914325,0.9858838,0.9762529,0.9401654,0.5798249,0.5262108,0.47981,0.3627652,0.7031476,La 2da vez corre la cara 
ID3,8,27.46,14.66,20.26,0.0,0.0,0.0,1.0,1.0,0.08415783,0.99,0.227017,0.1920055,0.1908311,0.2598885,,0.2186778,0.7373079,0.6751741,0.6074764,0.4874744,,0.4233465,0.3897974,0.6180849,"Al principio lo rechaza, no abre la boca"
ID3,9,25.89,13.4,21.13,1.0,0.0,0.0,1.0,0.0,0.1130479,0.4085,0.1620384,0.1285434,0.115484,0.162279,0.1247447,0.1055949,0.7675727,0.7346685,0.695716,0.5271978,0.4689644,0.4338855,0.06596849,0.7979434,
ID3,10,37.46,21.13,31.76,1.0,0.0,0.0,1.0,1.0,0.1101097,0.4507167,0.1092515,0.09929353,0.1162566,0.0996631,0.09004688,0.1620212,0.3757038,0.36797,0.351804,0.3957164,0.3663868,0.3558452,0.1333773,0.7352012,
ID3,11,29.89,1.2,11.8,0.0,0.0,0.0,1.0,0.0,0.1437311,0.7042,0.1436356,0.1264652,0.09549755,,,,0.6847805,0.6619384,0.6294401,,,,0.1148032,0.7092205,
ID3,12,20.49,14.1,,1.0,0.0,0.0,1.0,0.0,0.3834838,0.8620042,0.163807,0.1309717,0.237891,,,,0.4276877,0.395056,0.3794003,,,,0.07768895,0.8535936,
ID3,13,20.96,2.83,8.3,0.0,0.0,0.0,1.0,0.0,0.06823567,0.4622958,0.0796237,0.07262021,0.07546327,,0.1621016,0.1226645,0.656886,0.6479682,0.6175984,,0.6700021,0.6398863,0.06261856,0.7851015,
ID3,14,17.93,8.16,15.36,0.0,0.0,0.0,1.0,1.0,0.06228033,0.4437875,0.1730261,0.1377107,0.1091319,0.1733341,0.1468683,0.1308062,0.7233347999999999,0.6340019,0.5429462,0.5539788,0.5201624,0.4905086,0.09769272,0.8370242,
ID3,15,6.29,0.0,,0.0,0.0,0.0,1.0,1.0,0.1547496,0.3599792,,0.1547496,0.2310487,,,,,0.3599792,0.3891344,,,,,,
ID3,16,17.79,1.4,10.6,0.0,0.0,0.0,1.0,1.0,0.16287,0.3506917,0.1774102,0.2005265,0.1812546,0.3231079,0.2764749,0.3459297,0.4864165,0.4667538,0.458896,0.6864963,0.6671375,0.6285418,0.1154838,0.6620529,
ID3,17,18.33,1.03,15.06,0.0,0.0,0.0,1.0,1.0,0.4142,0.98755,0.4092216,0.2718996,0.2702428,0.3000882,0.2864042,0.2770983,0.9792544,0.9377018,0.8603294,0.5099448,0.5419103,0.5299762,0.07542556,0.7733446,
ID4,1,10.46,1.6,4.7,1.0,1.0,0.0,1.0,1.0,0.1644629,0.4681,0.5061705,0.5762245,0.5139787,,0.489541,0.3801179,0.7581916,0.7637396,0.7559392,,0.7533479,0.7087711,0.2758455,0.925384,Mueve la cabeza en forma de rechazo
ID4,2,10.03,1.5,6.36,0.0,1.0,1.0,1.0,1.0,0.392473,0.99,0.3426192,0.2413983,0.1677933,0.52524,0.5211667,0.4643261,0.9468521,0.8655136,0.7641463,0.7722611,0.8232486,0.7880848,0.7110475,0.8112541,"La segunda vez lo toca, pero no lo consume"
ID4,3,17.17,1.43,,0.0,1.0,1.0,1.0,1.0,0.7243667,0.99,0.7854044,0.7853439,0.7790508,,,,0.9841443,0.9773973,0.9599361,,,,0.49475,0.5671428,Intenta sacarse el alimento con la mano
ID4,4,7.6,1.63,,0.0,1.0,1.0,1.0,0.0,0.7312734,0.99,0.5646949,0.5053896,0.4772785,,,,0.9737952,0.9380705,0.9181502,,,,0.4202164,0.7511766,Intenta sacarse el alimento con la mano. Hace arcadas
ID4,4.2,14.96,7.7,12.36,1.0,1.0,1.0,1.0,0.0,0.46632,0.7001458,0.2931039,0.383307,0.4204992,0.4375155,0.5659603,0.509598,0.4533916,0.4641119,0.6628521,0.565823,0.712985,0.767247,0.1421748,0.4870692,Toca el alimento con la mano.
ID4,5,11.76,,,1.0,0.0,1.0,0.0,0.0,0.1874245,0.4867125,,,,,,,,,,,,,0.2335062,0.6708413,Aparta la cuchara con las manos y mueve la cabeza. Se encuentra con los ojos lloroso
ID4,6,5.76,1.86,,0.0,0.0,1.0,1.0,1.0,0.3476233,0.701775,0.4297229,0.4324982,0.5278921,,,,0.7802235,0.7669539,0.7609159,,,,0.4073971,0.8656063,Saborea la papilla
ID4,7,20.66,16.6,,1.0,0.0,1.0,1.0,0.0,0.7609866,0.8364167,0.5350808,0.5398625,0.4813622,,,,0.6666743,0.6486993,0.687156,,,,0.3012738,0.5466778,
ID4,8,12.73,8.13,,1.0,1.0,0.0,1.0,1.0,0.7609866,0.8364167,0.4773709,0.6007314,0.6564159,,,,0.734382,0.7667857,0.7930459,,,,0.6335887,0.8250859,Al comienzo lo rechaza moviendo la cabeza. hace arcadas
ID4,9,12.53,,,1.0,1.0,0.0,0.0,0.0,0.2479583,0.5304459,,,,,,,,,,,,,0.8673298,0.845152,
ID4,10,13.96,10.53,,1.0,0.0,1.0,1.0,1.0,0.53347,0.7982417,0.4118963,0.5329944,0.5738465,,,,0.6520225,0.6386909,0.6274585,,,,0.5801713,0.7324162,
ID4,11,16.33,10.16,13.43,1.0,0.0,0.0,1.0,1.0,0.1069694,0.5971917,0.4684255,0.4732376,0.4538222,,0.4048686,0.4525332,0.734047,0.72901,0.8390992,,0.6712682,0.6578734,0.5441399,0.712579,
ID4,12,18.0,1.66,13.7,0.0,0.0,1.0,1.0,1.0,0.5116931,0.8894417,0.40009,0.4379052,0.4035405,0.620737,0.547195,0.5416076,0.9119381,0.9031362,0.8591555,0.7917123,0.7524199,0.7019455,0.3868339,0.5490386,
ID4,13,28.5,11.83,21.36,1.0,0.0,1.0,1.0,1.0,0.3856116,0.8330833,0.1533314,0.1598639,0.2596418,0.36581,0.2057974,0.1316721,0.6488993,0.6159648,0.5987015,0.6402842,0.6082765,0.6209521,0.2639097,0.6560181,
ID4,14,19.36,2.1,16.1,0.0,0.0,1.0,1.0,1.0,,,0.1630802,0.174154,0.3804681,0.3078902,0.2727804,0.3046694,0.8754442,0.8628566,0.8431272,0.7853004,0.7153798,0.6544235,0.2585716,0.6160308,
ID4,15,11.43,9.23,,1.0,0.0,0.0,1.0,1.0,0.1313746,0.1263917,0.5037573,0.4520134,0.438798,,,,0.7523381,0.7635792,0.9001532,,,,0.565807,0.8391489,
ID4,16,20.83,4.7,14.6,1.0,1.0,1.0,1.0,1.0,0.2511733,0.4443209,0.3733121,0.309316,0.4289626,0.2012161,0.240632,0.2019597,0.9081705,0.8390846,0.8077877,0.5043757,0.6083072,0.6809487,0.2375585,0.6253595,Sólo rechaza y llora al comienzo. Luego prueba sin rechazar ni llorar
ID4,17,13.36,0.83,12.01,0.0,0.0,0.0,1.0,1.0,0.6267734,0.9600667,0.6267734,0.5529107,0.4995954,0.2654854,0.1961046,0.1932606,0.9600667,0.9773068,0.9649363,0.6303201,0.6662307,0.7008217,0.1740625,0.7297953,
ID5,1,21.9,6.56,15.43,0.0,0.0,0.0,1.0,1.0,0.07286572,0.3346834,0.1000111,0.09958313,0.09196364,,0.1369923,0.1132408,0.3882401,0.3655536,0.4716974,,0.4580409,0.4432163,0.08460379,0.2785172,
ID5,2,16.16,8.5,,1.0,0.0,1.0,1.0,1.0,0.17844,0.3742583,0.1960485,0.2984404,0.2427935,,,,0.4310377,0.4459315,0.4562718,,,,0.1567207,0.6881297,Mueve la cabeza levemente lo que fue considerado rechazo
ID5,3,21.43,,,1.0,0.0,0.0,0.0,0.0,0.1287434,0.3592209,,,,,,,,,,,,,0.1382806,0.4149342,Rechaza negando con la cabeza reiteradas veces 
ID5,4,36.76,0.8,13.1,1.0,0.0,0.0,1.0,1.0,0.2348786,0.9162375,,0.2348786,0.1859106,0.2566687,0.1622734,0.1253139,,0.9162375,0.9092651,0.7171143,0.6681877,0.6307254,0.08177916,0.6368987,Prueba y consume 3 veces. Rechaza levemente
ID5,5,12.66,2.4,8.7,0.0,0.0,0.0,0.0,1.0,0.1174615,0.551625,0.2028235,0.1688118,0.1282736,0.3916568,0.2821203,0.1737217,0.7051334,0.7431616,0.8899465,0.7157092,0.6938621,0.6725777,0.1395985,0.5547471,
ID5,6,18.96,2.73,15.26,0.0,0.0,0.0,1.0,1.0,0.08643068,0.08529168,0.2286272,0.171074,0.1342721,0.3025112,0.2094715,0.1486068,0.4341018,0.5196538,0.6043819,0.6013323,0.5802768,0.1486068,0.1393707,0.475454,La segunda vez que se le ofrece mueve levemente la cabeza hacia un lado pero luego consume la papilla
ID5,7,17.1,3.63,14.06,0.0,0.0,0.0,1.0,1.0,0.08674601,0.6212626,0.1700401,0.1176703,0.09086413,0.2237173,0.1470591,0.1068079,0.5812681,0.5771346,0.7177253,0.439631,0.4517607,0.6396815,0.1082904,0.602698,
ID5,8,12.03,6.0,,1.0,0.0,0.0,1.0,1.0,0.09420461,0.3740042,0.1573644,0.1354523,0.110948,,,,0.5711524,0.5451602,0.6180469,,,,0.1201899,0.5177593,
ID5,9,13.73,3.1,9.26,0.0,0.0,0.0,1.0,1.0,,,,0.114986,0.1226716,,0.1750235,,,0.3154608,0.438445,,0.4895498,,0.1786822,0.4760514,
ID5,10,13.43,2.4,7.13,0.0,0.0,0.0,1.0,1.0,0.3414838,0.8012916,0.1907356,0.1238662,0.0923874,0.1715276,0.1238795,,0.7453792,0.8160973,0.8845656,0.584268,0.6140738,,0.07401735,0.7706251,
ID5,11,15.5,2.5,10.56,0.0,0.0,0.0,1.0,1.0,0.1066376,0.2835792,0.2477149,0.1624225,0.1086488,0.284757,0.2080436,0.1263912,0.7152368,0.6579061,0.6120032,0.6955296,0.646964,0.614213,0.08154402,0.4459144,
ID5,12,13.1,1.8,8.3,0.0,0.0,0.0,1.0,1.0,0.3709971,0.99,0.2274557,0.1425995,0.1047113,0.1583922,0.1221257,0.1014172,0.9398165,0.8499561,0.8121635,0.6879677,0.6582197,0.6378042,0.08502621,0.6837502,
ID5,13,13.13,2.53,9.23,0.0,0.0,0.0,1.0,1.0,0.06698725,0.276875,0.1899374,0.1356393,0.1063614,0.2120446,0.1498246,0.1061962,0.6145815,0.573855,0.6518519,0.4492347,0.5505602,0.5537757,0.07821342,0.5053656,
ID5,14,17.96,0.9,13.97,0.0,0.0,0.0,1.0,1.0,0.1460558,0.5308167,0.1442343,0.1122848,0.09929047,0.2239062,0.1535288,0.1098861,0.5365527,0.548743,0.5348365,0.7646508,0.7304611,0.717452,0.1069283,0.4449098,
ID5,15,18.43,2.0,15.0,0.0,0.0,1.0,1.0,1.0,0.07645227,0.2475,0.1908428,0.242087,0.1785626,0.1447362,0.1352948,,0.4055856,0.5290703,0.5666376,0.4750034,0.4538868,,0.07790751,0.5126841,
ID5,16,19.44,3.76,14.94,0.0,0.0,0.0,1.0,1.0,0.3262445,0.6369458,0.1953899,0.1286435,0.1021629,0.2008377,0.1541396,0.1080768,0.7305007,0.6775143,0.663052,0.6133249,0.6070623,0.6424165,0.1353242,0.3868475,
ID5,17,,,,,,,,,,,,,,,,,,,,,,,,,
ID5,18,,,,,,,,,,,,,,,,,,,,,,,,,
ID5,19,,,,,,,,,,,,,,,,,,,,,,,,,
ID5,20E,,,,,,,,,,,,,,,,,,,,,,,,,
ID5,20P,,,,,,,,,,,,,,,,,,,,,,,,,
ID6,1,20.23,1.46,11.46,0.0,0.0,0.0,1.0,1.0,0.1094733,0.1405583,0.2047668,0.3175745,0.2842456,0.187519,0.3365093,0.4547199,0.2997754,0.5767924,0.5999148,0.544583,0.6922419,0.7229797,0.2411,0.4498334,Lo consume pero con gestos de que no le gusta
ID6,2,17.96,1.3,11.0,0.0,0.0,0.0,1.0,1.0,0.2564056,0.5892125,0.2617333,0.3516092,0.4284485,0.2642973,0.4305703,0.493007,0.5703647,0.733595,0.746321,0.541035,0.6990727,0.7062195,0.1461632,0.536075,Lo consume pero con gestos de que no le gusta
ID6,3,13.59,,,1.0,1.0,0.0,0.0,0.0,0.4511576,0.783525,,,,,,,,,,,,,,,Se niega a consumirlo e incluso llora
ID6,4,19.19,1.6,11.8,0.0,0.0,0.0,1.0,1.0,0.12726,0.2297917,0.2850431,0.4510137,0.3908797,0.2867037,0.3183158,0.3421593,0.4469779,0.6467252,0.6447507,0.4740544,0.5591538,0.5982522,0.1767798,0.4240628,Lo consume pero con gestos de que no le gusta
ID6,5,16.66,,,1.0,0.0,0.0,0.0,0.0,0.1040415,0.04000833,,,,,,,,,,,,,0.1613267,0.4271692,
ID6,6,15.59,,,1.0,0.0,0.0,0.0,0.0,0.07372083,0.4619167,,,,,,,,,,,,,0.09862088,0.660502,
ID6,7,15.86,,,1.0,0.0,0.0,0.0,0.0,0.1059866,0.4384292,,,,,,,,,,,,,0.06926724,0.4821484,
ID6,8,14.83,,,1.0,1.0,0.0,0.0,0.0,0.1326809,0.6216959,,,,,,,,,,,,,0.2622037,0.5756736,
ID6,9,31.53,17.5,28.36,1.0,0.0,0.0,1.0,1.0,0.07249985,0.9596875,0.1013797,0.1619239,0.184136,0.1874186,0.1898036,0.2284722,0.7230508,0.6962226,0.6213862,0.4895563,0.4608524,0.4434471,0.1921063,0.6396705,En un comienzo se niega a consumirlo pero luego lo acepta
ID7,2E,16.433,,,1.0,0.0,1.0,0.0,0.0,0.1057152,0.2720583,0.3477973,0.3692422,0.3844198,,,,0.8254815,0.8104893,0.7612796,,,,0.1873123,0.5453695,"No se lo lleva a la boca, lo toma veces y juega con el alimento."
ID7,3E,11.466,,,1.0,0.0,1.0,0.0,0.0,0.1336443,0.1003333,0.1344942,0.1471791,0.1360936,,,,0.1009933,0.117334,0.1360936,,,,0.1556068,0.1196927,"Se niega a comerlo, lo toma  veces y lo lanza lejos."
ID7,4E,12.266,,,1.0,0.0,1.0,0.0,0.0,0.1562684,0.1730459,0.1543502,0.1397188,0.1397188,,,,0.1721957,0.1486767,0.1486767,,,,0.08147135,0.05685955,"Lo toma, lo devuelve al plato y lo empuja lejos."
ID7,4P,13.066,,,1.0,0.0,1.0,1.0,1.0,0.1363962,0.08845416,0.1325658,0.1176897,0.1185602,,,,0.08722661,0.08267605,0.07991334,,,,0.1320989,0.3739588,"Se le dió una cucharada de papilla, pone cara de disgusto e intenta sacarselo de la boca. Se atora y tose."
ID7,5E,7.5,,,1.0,0.0,0.0,0.0,0.0,0.1036171,0.4289292,,,,,,,,,,,,,0.1069002,0.07948165,Ocupa chupete. No toca el alimento y empuja el pocillo.
ID7,5P,9.066,,,1.0,0.0,0.0,0.0,0.0,0.113982,0.103,,,,,,,,,,,,,0.1740017,0.06581059,"No deja que la ""tía"" le saque el chupete. No toca el alimento y empuja la cuchara con papilla."
ID7,6E,9.133,,,1.0,0.0,0.0,0.0,0.0,0.4058599,0.99,,,,,,,,,,,,,0.2321085,0.283153,Devuelve el pocillo con el alimento y se lleva las manos a la cabeza.
ID7,6P,5.4,,,1.0,0.0,0.0,0.0,0.0,0.1362616,0.3752583,,,,,,,,,,,,,0.1336904,0.3458251,Rechaza la cucharada de papilla girando la cara hacia el otro lado.
ID7,7E,9.333,,,1.0,0.0,1.0,0.0,0.0,0.3246327,0.3300292,0.2094932,0.1857354,0.2113513,,,,0.447519,0.3745858,0.3138664,,,,0.1900151,0.3965346,Juega con el alimento y lo devuelve al pocillo.
ID7,7P,12.733,,,1.0,0.0,1.0,1.0,0.0,0.1452533,0.3471583,0.2065738,0.1793569,0.165295,,,,0.3868204,0.366736,0.3552068,,,,0.1138589,0.133878,"Recibe una cucharada, pone cara de disgusto y devuelve la papilla desde la boca ocupando las manos."
ID7,8E,6.633,,,1.0,0.0,1.0,0.0,0.0,0.1309987,0.1068167,0.1451098,0.121628,0.1353511,,,,0.137284,0.1206645,0.1028974,,,,0.1207956,0.08784545,Toma el alimento y lo devuelve al pocillo.
ID7,8P,6.3,,,1.0,0.0,0.0,0.0,0.0,0.08995811,0.0189625,,,,,,,,,,,,,0.3078409,0.6289367,Rechaza la cucharada de papilla girando la cara hacia el otro lado.
ID7,9E,26.8,,,0.0,0.0,1.0,1.0,1.0,0.1155743,0.02680417,0.2340952,0.1959944,0.159236,0.2650586,0.2435433,0.1930558,0.3339915,0.32234,0.2848601,0.1753214,0.3744113,0.3631523,0.1938332,0.105903,"Lo toma y lo prueba, dos veces. Lo devuelve al pocillo."
ID7,10E,6.166,,,0.0,0.0,1.0,1.0,1.0,,,,,0.151834,,,,,,0.0837781,,,,0.1230932,0.2235938,"El video está grabado en diagonal a su rostro, por lo que los datos del analisis esta alterados. Come en formato entero"
ID7,10P,13.433,,,0.0,0.0,1.0,1.0,1.0,0.4202085,0.7108542,0.408136,0.3641976,0.3433771,0.3112279,0.3227057,0.5527225,0.7900542,0.7693591,0.730163,0.2165522,0.5056766,0.4356619,0.2172241,0.52937,Recibe ambas cucharadas de papilla tranquilamente.
ID7,11E,13.833,,,0.0,0.0,1.0,1.0,1.0,0.13838,0.05139167,0.1345735,0.2307394,0.2738153,,,,0.1438468,0.3933105,0.542825,,,,0.1370998,0.171331,"Prueba solo el alimento, se lo lleva el mismo a la boca."
ID7,12E,6.6,,,1.0,0.0,0.0,0.0,0.0,0.14862,0.1512292,,,,,,,,,,,,,0.341304,0.4937291,Al momento de recibir el pocillo lo devuelve sin tocar el alimento.
ID7,12P,10.566,,,0.0,0.0,1.0,1.0,1.0,0.2762383,0.2724875,0.3343064,0.2836168,0.1956922,,,,0.2858306,0.2790955,0.255596,,,,0.1755137,0.318092,Se come toda la cucharada aunque intenta devolver la comida de la boca.
ID7,13E,9.5,,,1.0,0.0,1.0,0.0,0.0,0.1988433,0.4034833,0.1970192,0.1444198,0.141193,,,,0.7177617,0.5702053,0.4450179,,,,0.2981814,0.2835795,Toma el alimento y lo devuelve al pocillo.
ID7,13P,9.933,,,1.0,0.0,1.0,1.0,1.0,0.06205257,0.3536875,0.09327832,0.1280821,0.1350767,,,,0.3536875,0.3060625,0.260778,,,,0.3892598,0.4433042,El video está grabado en diagonal a su rostro. Uso de valores mas proximos. 
ID7,14E,3.2,,,1.0,0.0,0.0,0.0,0.0,,,,,,,,,,,,,,,,,Bota el pocillo al suelo. No hay datos en excel.
ID7,14P,3.266,,,1.0,1.0,0.0,0.0,0.0,0.1094829,0.0231625,,,,,,,,,,,,,,,"Llorando, se tapa la cara y rechaza cucharada. No hay datos en el excel."
ID7,15E,10.533,,,1.0,0.0,1.0,0.0,0.0,0.2285921,0.2091583,0.2278352,0.1918948,0.1675564,,,,0.2091583,0.2043575,0.1965312,,,,0.1975918,0.2316618,Juega con el alimento y lo devuelve al pocillo.
ID7,15P,10.0,,,1.0,0.0,1.0,1.0,0.0,0.2111963,0.2902042,0.8328225,0.8155075,0.6962201,,,,0.8849748,0.9076328,0.9050357,,,,0.5730056,0.8037665,Se saca la papilla de la boca con las manos.
ID7,16E,4.8,,,1.0,0.0,0.0,0.0,0.0,0.1015461,0.006958331,,,,,,,,,,,,,0.1399516,0.2759759,Empuja lejos el pocillo.
ID7,16P,2.5,,,1.0,0.0,0.0,0.0,0.0,0.5961933,0.7513416,,,,,,,,,,,,,,,Rechaza la cucharada de papilla y se tapa la cara con las manos. No hay datos del final del video en excel.
ID7,17E,5.033,,,1.0,0.0,1.0,0.0,0.0,0.174174,0.1385917,0.174561,0.2093116,0.2113853,,,,0.1385917,0.1705458,0.1741597,,,,0.1615002,0.5839499,Lo toca. Voltea la cara al darle un trozo.
ID7,17P,8.1,,,1.0,0.0,0.0,1.0,1.0,0.1198633,0.0291,0.3102474,0.211707,0.1611953,,,,0.5450671,0.4553156,0.3923199,,,,0.1662912,0.5056212,A la primera cucharada dada voltea el rostro para no comer.
ID7,18E,5.633,,,1.0,1.0,0.0,0.0,0.0,,,,,,,,,,,,,,,,,Llora con las manos en la cara y empuja el pocillo. No hay datos del inicio y final del video en excel.
ID7,18P,6.3,,,1.0,0.0,0.0,1.0,0.0,0.4564167,0.6373584,0.1787241,0.1622553,0.1815714,,,,0.3473286,0.2890671,0.2633553,,,,0.1992008,0.4317535,Mientras juega con un juguete se le da la punta de una cucharada de papilla.
ID7,19E,17.333,,,1.0,0.0,1.0,0.0,0.0,0.3106967,0.519875,0.3439638,0.2478087,0.1651472,,,,0.5498555,0.5133861,0.4341976,,,,0.3333689,0.2793107,Lo toca y juega con el alimento.
ID7,20E,3.7,,,1.0,0.0,1.0,0.0,0.0,0.2041367,0.2019125,0.203622,0.1844831,0.220844,,,,0.2019125,0.1967581,0.2114207,,,,0.5425794,0.7237668,Toma el alimento y lo devuelve al pocillo.
ID7,20P,4.3,,,1.0,0.0,0.0,0.0,0.0,0.1342967,0.1007625,,,,,,,,,,,,,0.1702373,0.2494262,"Se nota ""con sueño"" y no recibe la cucharada."
ID7,21E,12.266,,,1.0,0.0,0.0,0.0,0.0,0.4651833,0.3702334,,,,,,,,,,,,,0.3722586,0.4897515,Bota el alimento y juega con el pocillo.
ID7,21P,34.266,,,1.0,0.0,0.0,1.0,0.0,0.7142699,0.6916834,0.1828006,0.2179966,0.4098203,,,,0.555804,0.5323975,0.4851777,,,,0.4095747,0.3865631,Se mantiene pendiente del juguete y rechaza 3 cucharadas de papilla.
ID8,1E 1,5.4,,,1.0,0.0,1.0,0.0,0.0,0.2124708,0.2464458,0.2423786,0.1753428,0.1440508,,,,0.9424384,0.8568207,0.7378401,,,,0.2846149,0.563182,Lo toca y lo devuelve al pocillo
ID8,1E 2,13.466,,,1.0,0.0,1.0,0.0,0.0,0.3010832,0.5651959,0.1286972,0.1013293,0.2249585,0.2208331,0.2645746,0.3139165,0.5173466,0.4833134,0.4463798,0.2021356,0.2746239,0.3515112,0.3609341,0.5642887,"Toca el alimento 2 veces, lo devuelve al pocillo y lo empuja lejos. Pone cara de disgusto"
ID8,2E,11.4,,,1.0,0.0,1.0,1.0,0.0,0.1539204,0.1079958,0.2867101,0.2675195,0.3174668,,,,0.5047827,0.4895595,0.6070022,,,,0.1235159,0.328681,Prueba el alimento pero lo escupe.
ID8,3E,10.233,,,1.0,0.0,1.0,1.0,0.0,0.3597044,0.6990083,0.2522807,0.2022212,0.1313097,,,,0.5264881,0.4670722,0.4133333,,,,0.09409345,0.2851841,"Se lo lleva a la boca, lo prueba y lo devuelve al pocillo."
ID8,4E,13.7,,,1.0,0.0,1.0,0.0,0.0,0.1156009,0.0757,0.1031341,0.09290711,0.09941091,0.2193933,0.220452,0.2220348,0.07301156,0.06103568,0.05019989,0.5933516,0.5419647,0.4687776,0.1644979,0.1367596,Lo toma 2 veces y en ambas lo devuelve al pocillo.
ID8,4P,10.0,,,1.0,0.0,1.0,1.0,0.0,0.5643633,0.5620042,0.5727798,0.4796446,0.3530152,,,,0.5607771,0.5490636,0.5192495,,,,0.2393709,0.3331849,"Prueba una cucharada de papilla, devuelve la comida de la boca."
ID8,5E,7.666,,,1.0,0.0,1.0,1.0,0.0,0.1610775,0.4091792,0.3148661,0.3960989,0.4071913,,,,0.4170483,0.614133,0.7335144,,,,0.1837509,0.3517459,Toca el alimento y se lleva las manos a la boca.
ID8,5P,7.933,,,1.0,0.0,0.0,0.0,0.0,0.1802628,0.2181792,,,,,,,,,,,,,0.09106045,0.119178,"Rechaza la cucharada de papilla. Se le nota ""con sueño""."
ID8,6E,15.033,,,1.0,0.0,1.0,0.0,0.0,,,0.421339,0.2927631,0.135949,,,,0.7089484,0.6905889,0.5627045,,,,0.2200071,0.3657986,"No hay datos de los primeros 9,6 segundos de video. Toma el alimento y juega con el."
ID8,6P,17.766,,,1.0,0.0,0.0,1.0,1.0,,,,,,,,,,,,,,,,,No hay datos del momento en que prueba la cucharada de papilla. Video grabado en diagonal.
ID8,7E,9.5,,,1.0,0.0,1.0,0.0,0.0,0.1945567,0.4037,0.196962,0.2330686,0.283761,,,,0.2395643,0.2248865,0.2617213,,,,0.2261769,0.2734557,Mientras juega con el pocillo toca el alimento 1 sola vez.
ID8,7P,18.866,,,0.0,0.0,0.0,1.0,1.0,0.1635482,0.1881792,0.2472862,0.3215573,0.2533894,0.3254966,0.3158379,0.2427962,0.4053712,0.5103967,0.5436983,0.384771,0.3584179,0.3454259,0.1043483,0.4356228,Se le entrega la cuchara para que pruebe ella. Recibe una cucharada. Cara de disgusto.
ID8,8E,5.933,,,1.0,0.0,0.0,0.0,0.0,0.1464133,0.1228458,,,,,,,,,,,,,0.08034863,0.58239,Empuja el plato sin tocar el alimento.
ID8,8P,4.5,,,1.0,0.0,0.0,0.0,0.0,0.1691267,0.3877625,,,,,,,,,,,,,0.09102952,0.352678,"Rechaza cucharada girando al cara. Valores iniciales de 0,5 ( Más próximos)"
ID8,9E,20.933,,,0.0,0.0,1.0,1.0,1.0,0.0745306,0.130525,0.1255046,0.1215316,0.2134682,0.3255731,0.2779662,0.2357929,0.3653741,0.454716,0.452163,0.8459024,0.7782416,0.7034567,0.2797962,0.7158337,Come sola el alimento mas de 2 veces.
ID8,10E,27.1,,,0.0,0.0,1.0,1.0,1.0,0.09457376,0.0266,0.163352,0.1343484,0.2097548,0.2581888,0.2624163,0.2234242,0.3002277,0.25713,0.2281155,0.4563007,0.4377376,0.4228791,0.1214067,0.2875643,Come sola el alimento mas de 2 veces.
ID8,11E,24.833,,,0.0,0.0,1.0,1.0,1.0,0.1631646,0.3883042,0.1842526,0.1611912,0.1467521,,,,0.530993,0.5020744,0.4208509,,,,0.2182218,0.5251731,Se usaron los datos mas cercanos para el inicio y el final. Faltan muchos valores.
ID8,12E,23.433,,,0.0,0.0,1.0,1.0,1.0,0.09309694,0.2922208,0.2283056,0.2686335,0.2316523,0.1737029,0.1471074,0.1496266,0.2819375,0.4856033,0.4899078,0.4462129,0.4198807,0.3903338,0.1694237,0.4473682,Come sola el alimento mas de 2 veces.
ID8,13E,41.333,,,0.0,0.0,1.0,1.0,1.0,0.18566,0.222775,0.2824961,0.2880596,0.1864768,0.2138446,0.2661918,0.2187728,0.542124,0.6076182,0.5827317,0.3415176,0.4666353,0.5875657,0.3789586,0.9289542,Come sola el alimento mas de 2 veces.
ID8,14E,23.066,,,0.0,0.0,1.0,1.0,1.0,0.195268,0.215425,0.3427973,0.2831385,0.1548717,0.2096916,0.2197304,0.2774687,0.5357223,0.5231195,0.3407253,0.6286651,0.5534363,0.4981287,0.1517569,0.2549531,Se tapa la boca los primeros segundos de video. Come sola mas de 2 veces.
ID8,15E,27.1,,,0.0,0.0,1.0,1.0,1.0,0.13404,0.09491667,0.2520434,0.1951161,0.1753681,0.2392494,0.2664619,0.241443,0.764861,0.740591,0.6949449,0.4584108,0.6072435,0.6081169,0.1356822,0.1928344,Come sola el alimento mas de 2 veces.
ID8,16E,25.866,,,0.0,0.0,1.0,1.0,1.0,0.35439,0.5654876,0.1856559,0.1837161,0.1604409,0.09404965,0.1786708,0.2859893,0.4617161,0.4190721,0.5670957,0.4392025,0.4036565,0.5148271,0.2322019,0.4930022,Come sola el alimento mas de 2 veces.
ID8,17E,14.766,,,0.0,0.0,1.0,1.0,1.0,0.1072586,0.02042083,0.2842873,0.2655616,0.2148339,0.2494026,0.3271603,0.2624553,0.2645574,0.3840007,0.4130799,0.4345425,0.5021551,0.4950575,0.3201752,0.4860912,Mantiene el alimento cerca de su boca y lo mastica varias veces.
ID8,18E,29.433,,,0.0,0.0,1.0,1.0,1.0,0.1071258,0.01803334,0.2998507,0.2416155,0.1950186,0.2243881,0.2790847,0.2318702,0.405401,0.4343908,0.4325037,0.3319523,0.4127983,0.4304501,0.1581875,0.09766552,Come sola el alimento mas de 2 veces.
ID8,19E,23.666,,,0.0,0.0,1.0,1.0,1.0,0.06045927,0.2475,0.06442668,0.1653163,0.2201509,0.1612895,0.2445363,0.2145317,0.2475,0.3369731,0.4195025,0.3133173,0.4269392,0.4585409,0.219364,0.3586877,Come sola el alimento mas de 2 veces.
ID8,20E,24.433,,,0.0,0.0,1.0,1.0,1.0,0.09044484,0.0217375,0.2066715,0.2563622,0.1793021,0.2039901,0.1971083,0.2063329,0.146704,0.5895192,0.6246672,0.3564649,0.3834284,0.4254411,0.1692077,0.2071007,Come sola. Mantiene el alimento cerca de su boca dandole varias mordidas.
ID9,1,,,,,,,,,,,,,,,,,,,,,,,,,
ID9,2,35.46,15.16,30.53,0.0,0.0,1.0,1.0,1.0,0.3410981,0.8007792,0.1746858,0.1537421,0.1311946,0.1500446,0.1208947,0.1014798,0.5309276,0.4884807,0.4400403,0.3335245,0.3141364,0.2991163,0.1343172,0.4672336,
ID9,3,10.03,2.5,,0.0,0.0,1.0,1.0,1.0,0.1289433,0.1392833,0.1223885,0.1598134,0.2472287,,,,0.1007269,0.1018946,0.2397644,,,,0.3681029,0.5258981,"Se coloco el dato de los 0,5 segundos despues a los 0,36 segundos ya que luego de esos no habia mas lectura de datos"
ID9,4,30.86,11.6,24.8,0.0,0.0,1.0,1.0,1.0,0.1696867,0.1157792,0.1221673,0.1115218,0.1234038,0.09946946,0.1078368,0.1035022,0.6516266,0.6135224,0.5717126,0.4205508,0.4225203,0.4360158,0.2041979,0.420896,
ID9,5,22.2,1.03,12.36,0.0,0.0,1.0,1.0,1.0,0.4445434,0.7026334,0.3855805,0.3966434,0.3671055,0.2671963,0.2445161,0.1944636,0.6954298,0.8634034,0.9358109,0.6715493,0.7653782,0.7468902,0.1751411,0.6942983,
ID9,6,24.93,6.83,18.93,0.0,0.0,1.0,1.0,1.0,0.1880582,0.1519917,0.3245332,0.3500576,0.3201698,0.2878698,0.3243794,0.3286186,0.9208104,0.9071752,0.8938225,0.6551286,0.6251847,0.5853868,0.1161732,0.402923,
ID9,7,36.0,4.33,32.5,0.0,0.0,1.0,1.0,1.0,0.1559567,0.06994584,0.2991265,0.257659,0.1913362,0.3192262,0.3568369,0.3177388,0.8518409,0.9071807,0.8806189,0.4813514,0.5256378,0.5399507,0.1633827,0.4870188,Prueba mas de 2 veces
ID9,8,43.73,1.93,23.82,0.0,0.0,1.0,1.0,1.0,0.1233026,0.5108625,0.1935254,0.2348534,0.2439131,0.2454706,0.2556227,0.207053,0.4773907,0.466717,0.4552697,0.5083111,0.4399867,0.4036314,0.07371148,0.3941093,
ID9,9,22.1,4.26,14.0,0.0,0.0,1.0,1.0,1.0,0.1065545,0.2888583,0.1392929,0.1116769,0.0921234,0.1370783,0.1175328,0.1052138,0.7145786,0.6866395,0.6253452,0.4203999,0.3910085,0.3733877,0.168704,0.4779099,
ID9,10,23.56,2.9,,0.0,0.0,1.0,1.0,1.0,0.112253,0.3624042,0.1471132,0.1168169,0.1302014,,,,0.7352679,0.6622322,0.6138687,,,,0.2257332,0.433336,Segunda prueba sin lectura de datos clara por mucho intervalo de tiempo.
ID9,11,34.23,4.7,21.7,0.0,0.0,1.0,1.0,1.0,0.1842667,0.1053333,0.2025654,0.1948295,0.1635696,0.1236208,0.1164237,0.1431352,0.8608672,0.8433899,0.8381587,0.432517,0.4072602,0.3873926,0.112975,0.797573,
ID9,12,31.6,4.76,15.26,0.0,0.0,1.0,1.0,1.0,0.087325,0.0,0.2257177,0.172459,0.1392358,0.2269021,0.1841709,0.1567013,0.7235064,0.6617463,0.5881135,0.7060631,0.6407735,0.5641809,0.167147,0.1754772,
ID9,13,29.06,2.16,22.1,0.0,0.0,1.0,1.0,1.0,0.08268309,0.00425,0.2305564,0.2247796,0.1957931,0.1787568,0.1427688,0.1543714,0.4700059,0.4535059,0.5462557,0.3528976,0.3718258,0.4206361,0.2348439,0.4654278,
ID9,14,24.56,3.8,11.2,0.0,0.0,1.0,1.0,1.0,0.3818126,0.8613167,0.1976119,0.1933941,0.1784167,0.2866985,0.1708952,0.1196397,0.8388493,0.81718,0.7819201,0.7299792,0.7204863,0.6925616,0.2175313,0.7023686,
ID9,15,56.36,5.7,34.73,0.0,0.0,1.0,1.0,1.0,0.2230859,0.1543792,0.1497519,0.1208812,0.1182593,0.1265285,0.1314549,0.110943,0.398603,0.7143085,0.8146957,0.5574406,0.4949857,0.4519902,0.1543104,0.278578,
ID9,16,,,,,,,,,,,,,,,,,,,,,,,,,
ID9,17,,,,,,,,,,,,,,,,,,,,,,,,,
ID9,18,,,,,,,,,,,,,,,,,,,,,,,,,
ID9,19,,,,,,,,,,,,,,,,,,,,,,,,,
ID9,20E,,,,,,,,,,,,,,,,,,,,,,,,,
ID9,20P,,,,,,,,,,,,,,,,,,,,,,,,,
ID10,1E,10.2,,,1.0,0.0,1.0,1.0,0.0,0.08271468,0.001320833,0.1024262,0.1304721,0.1850719,,,,0.01386431,0.1375612,0.3311712,,,,0.1100249,0.2804184,Lo prueba una vez y lo devuelve al pocillo.
ID10,2E,21.466,,,1.0,0.0,1.0,1.0,0.0,0.1790129,0.13705,0.2883124,0.3544033,0.3173214,0.5314291,0.4516426,0.5954035,0.4235297,0.5483804,0.6076191,0.7785494,0.7380888,0.685304,0.2443964,0.3104119,Prueba el alimento dos veces y lo devuelve al pocillo.
ID10,3E,29.566,,,1.0,0.0,1.0,0.0,0.0,0.08852673,0.04288751,0.08852673,0.08526383,0.0815951,0.1014143,0.08470007,0.07792749,0.04288751,0.04263918,0.04765306,0.1553276,0.1273758,0.1074468,0.09841397,0.163747,"Solo toca el alimento, juega con este y empuja el pocillo. V y A de inicio coinciden con el 0,5 antes de T1"
ID10,4E,19.133,,,1.0,0.0,1.0,1.0,0.0,0.16606,0.09979168,0.1363168,0.1313395,0.1261839,0.08644652,0.1118086,0.1458855,0.4505579,0.3702853,0.3353725,0.08472927,0.1236312,0.2639187,0.1021149,0.2540414,Prueba el alimento y se saca la comida de la boca con las manos.
ID10,5E,10.833,,,1.0,0.0,1.0,1.0,0.0,0.1221641,0.05009583,0.5149063,0.5116923,0.4497222,,,,0.6725146,0.7171935,0.7124324,,,,0.1798458,0.3784216,"Lo prueba una vez, lo devuelve al pocillo y juega con este."
ID10,5P,14.266,,,1.0,0.0,0.0,1.0,0.0,0.22899,0.1801417,0.3642771,0.4069272,0.3825259,,,,0.4069449,0.5334297,0.614906,,,,0.4329323,0.7232409,"Rechaza primera cucharada, Acepta una segunda dada por ""la tía""."
ID10,6E,10.6,,,1.0,0.0,0.0,0.0,0.0,0.09181569,0.2628042,,,,,,,,,,,,,0.1164659,0.2821426,Empuja el pocillo y se aleja de quien le ofrece el alimento.
ID10,6P,7.066,,,1.0,0.0,0.0,0.0,0.0,0.3514827,0.9621333,,,,,,,,,,,,,0.2944759,0.5409511,"Rechaza cucharadas y se aleja de quien se las da.No hay datos de V y A al final del video, se usaron los de 4,76"
ID10,7E,12.4,,,1.0,0.0,1.0,0.0,0.0,0.1341533,0.04383333,,0.1341533,0.1525475,0.1819022,0.2876503,0.3286581,,0.04383333,0.05974424,0.1893299,0.2345093,0.4308387,0.1736554,0.4274192,El video inicia con la niña tocando el alimento. Se registra una segunda tomada de este.
ID10,7P,3.9,,,1.0,0.0,0.0,0.0,0.0,0.1332127,0.3326042,,,,,,,,,,,,,0.2931141,0.4141897,Rechaza la cucharada de papilla volteando la cara y alejandose.
ID10,8E,4.633,,,1.0,0.0,0.0,0.0,0.0,0.3573974,0.352975,,,,,,,,,,,,,0.119998,0.3623337,Aleja el pocillo sin tocar el alimento.
ID10,8P,10.166,,,1.0,0.0,0.0,0.0,0.0,0.05619821,0.2737167,,,,,,,,,,,,,0.1294312,0.1885809,"Rechaza las cucharadas girando el rostro. No hay datos de V y A al final del video, se usaron los de 8,23"
ID10,9E,1.7,,,1.0,0.0,0.0,0.0,0.0,0.08344078,0.1143792,,,,,,,,,,,,,0.09264832,0.1291271,Devuelve el pocillo sin tocar el alimento.
ID10,9P,8.333,,,1.0,0.0,0.0,0.0,0.0,0.1422833,0.1613334,,,,,,,,,,,,,0.4502593,0.4238342,"Gira la cabeza y se aleja. No recibe cucharadas. No hay datos de V y A al final del video, se usaron los de 6,33"
ID10,10E,5.366,,,1.0,0.0,1.0,0.0,0.0,0.282034,0.4795958,0.3223003,0.2316153,0.1456016,,,,0.623566,0.6518379,0.5653431,,,,0.09508392,0.287584,Lo toma para devolverlo al pocillo.
ID10,10P,3.333,,,1.0,0.0,0.0,0.0,0.0,0.09689812,0.2727042,,,,,,,,,,,,,,,"Rechaza cucharada girando la cara. Solo hay datos los primeros 0,4 segundos."
ID10,11E,4.966,,,1.0,0.0,1.0,0.0,0.0,0.1181861,0.1004542,0.1185218,0.121611,0.110691,,,,0.1010552,0.1215053,0.119387,,,,0.1871884,0.2306463,Solo toca el alimento en el pocillo.
ID10,11P,3.9,,,1.0,0.0,0.0,0.0,0.0,0.1384444,0.6133708,,,,,,,,,,,,,0.1370841,0.4664963,"Rechaza las cucharadas girando el rostro. No hay datos de V y A al final del video, se usaron los de 2,96"
ID10,13E,24.866,,,0.0,0.0,1.0,1.0,1.0,0.3777813,0.7563334,0.3810111,0.3889394,0.3795432,0.3030837,0.2794781,0.2103677,0.7538292,0.7404794,0.7120321,0.4752907,0.4881671,0.4691946,0.2525989,0.4382362,"En T1 prueba sola el alimento, en T2 recibe alimento en la boca"
ID10,14E,21.733,,,0.0,0.0,1.0,1.0,1.0,0.1626113,0.1448292,0.1809751,0.1826161,0.1458408,0.164412,0.1783595,0.1404351,0.4304268,0.4359871,0.4267659,0.3575355,0.3087772,0.2731287,0.1374352,0.3930023,Prueba sola el alimento mas de 2 veces.
ID10,15E,29.6,,,1.0,0.0,1.0,1.0,0.0,0.1014027,0.265675,0.09435745,0.167367,0.2131429,0.1881227,0.245566,0.2253319,0.2033394,0.3104614,0.3925062,0.3127556,0.4033666,0.4231912,0.209228,0.447542,Solo se pasa el alimento por los labios y cuando se lo dan en la boca lo toma para dejarlo en el pocillo.
ID10,15P,9.633,,,1.0,1.0,0.0,1.0,0.0,0.09881022,0.1687083,0.2021878,0.2293323,0.4658347,,,,0.40648,0.4025089,0.3941914,,,,0.3892221,0.4734967,Prueba la punta de una cucharada y llora.
ID10,16P,9.166,,,1.0,1.0,0.0,1.0,0.0,0.2987133,0.4958917,0.4710391,0.4626113,0.3227941,,,,0.6444631,0.7795191,0.7440954,,,,0.2150588,0.44098,"Recibe una cucharada que le da ""la tía"", escupe la papilla y llora."
ID11,1,25.86,16.9,,0.0,0.0,1.0,1.0,1.0,0.1165132,0.0807125,0.1566749,0.1322323,0.1321954,,,,0.265645,0.2843759,0.3130416,,,,0.1503318,0.2243589,Consume la primera prueba durante gran parte del video
ID11,2,16.43,6.66,,0.0,0.0,1.0,1.0,1.0,0.09429527,0.1887167,0.09971736,0.09200459,0.09328405,,,,0.09971736,0.2628197,0.2953565,,,,0.1903713,0.2570737,Consume la primera prueba durante gran parte del video
ID11,3,18.26,11.6,,0.0,0.0,1.0,1.0,1.0,0.1052737,0.03699583,0.1198152,0.1150919,0.1923321,,,,0.3635963,0.3513156,0.3535926,,,,0.1689096,0.1263816,Consume la primera prueba durante gran parte del video
ID11,4,23.66,4.76,12.8,0.0,0.0,1.0,1.0,1.0,0.09575192,0.04299584,0.1016846,0.1036644,0.09560243,0.1435432,0.1363723,0.1573119,0.3183672,0.3083792,0.2753376,0.2475303,0.4242715,0.4446328,0.1219185,0.3767492,Come con gusto
ID11,5,15.36,2.2,10.56,0.0,0.0,1.0,1.0,1.0,0.08128358,0.039775,0.1220854,0.1897338,0.4650601,0.172314,0.1537146,0.119609,0.2615545,0.5007074,0.6580111,0.190352,0.5077271,0.6076298,0.2393199,0.5078701,Come con gusto
ID11,6,25.71,0.2,17.04,0.0,0.0,1.0,1.0,1.0,0.1284411,0.3003583,0.1284411,0.1270432,0.212774,0.1585517,0.2974356,0.2609687,0.3003583,0.3001689,0.4108741,0.1430534,0.42404,0.3883082,0.09956781,0.4429244,Come con gusto
ID11,7,25.3,5.43,20.63,0.0,0.0,1.0,1.0,1.0,0.1097717,0.016775,0.1746698,0.2075472,0.2673093,0.2473604,0.2160437,0.2020131,0.3926282,0.3848937,0.4437106,0.5969563,0.5582119,0.5196793,0.1407913,0.3624839,Come con gusto
ID11,8,14.63,0.23,,0.0,0.0,1.0,1.0,1.0,0.1331609,0.0512375,0.1331609,0.1359888,0.138828,,,,0.0512375,0.05270897,0.05284483,,,,0.1037762,0.453332,Consume la primera prueba durante gran parte del video
ID11,9,28.63,2.7,,0.0,0.0,1.0,1.0,1.0,0.1080291,0.07157917,0.1776039,0.1450954,0.1133238,,,,0.4037602,0.4211364,0.4180135,,,,0.1049051,0.4917015,Consume la primera prueba durante gran parte del video
ID11,10,13.63,0.0,,0.0,0.0,1.0,1.0,1.0,0.08050117,0.4834459,,0.08050117,0.1093957,,,,,0.4834459,0.4873155,,,,0.1802762,0.4600199,"Parte el video comiendo el alimento, no existe una segunda prueba"
ID11,11,15.5,3.43,,0.0,0.0,1.0,1.0,1.0,0.2521467,0.4829667,,0.1111496,0.143873,,,,,0.3240246,0.3132302,,,,0.1488976,0.3595645,"Los 0,5 segundos antes de la primera prueba no fueron leidos"
ID11,12,19.13,11.83,,0.0,0.0,1.0,1.0,1.0,0.7549233,0.7463834,0.1812904,0.1352438,0.1660121,,,,0.2858625,0.2341187,0.2057226,,,,0.09807658,0.4096306,Consume la primera prueba durante gran parte del video
ID11,13,23.83,2.23,17.46,0.0,0.0,1.0,1.0,1.0,0.09027839,0.03139583,0.127509,0.1146514,0.1049016,0.1129685,0.1660096,0.1879942,0.3124669,0.3132051,0.3071504,0.324962,0.3230293,0.3500503,0.1566546,0.3987475,Come con gusto
ID11,14,32.13,5.73,13.7,0.0,0.0,1.0,1.0,1.0,0.13619,0.05735,0.206327,0.1581376,0.1865318,0.260246,0.1906894,0.1609325,0.5752258,0.5216352,0.4770368,0.7879431,0.7032691,0.6235048,0.2201922,0.2596011,Come con gusto
ID11,15,13.4,3.43,,0.0,0.0,1.0,1.0,1.0,0.07521877,0.006037501,0.1990654,0.2035896,0.1858804,,,,0.6847942,0.6234161,0.5802996,,,,0.1090008,0.3547165,Consume la primera prueba durante gran parte del video
ID11,16,24.36,4.3,10.8,0.0,0.0,1.0,1.0,1.0,0.08222776,0.0142375,0.1331619,0.09945488,0.1169316,0.1703328,0.2841082,0.3309247,0.4657803,0.4372061,0.4100894,0.08405677,0.3270518,0.4690938,0.1140881,0.283566,Come con gusto
ID11,17,16.33,3.06,,0.0,0.0,1.0,1.0,1.0,0.07232368,0.008158334,0.2889375,0.1998075,0.1648137,,,,0.7061829,0.7061636,0.6707883,,,,0.09650695,0.2666984,Consume la primera prueba durante gran parte del video
ID11,18,24.5,2.53,21.73,0.0,0.0,1.0,1.0,1.0,0.1064316,0.01674167,0.1305292,0.1184404,0.1085932,0.1819203,0.2218274,0.1926615,0.3177393,0.31333,0.3048108,0.3861908,0.3887331,0.3882614,0.122266,0.3099854,Los datos finales del video no fueron leidos
ID11,19,31.23,3.23,19.76,0.0,0.0,1.0,1.0,1.0,0.09439922,0.009420834,0.1568554,0.1182656,0.1426211,0.1467733,0.1856564,0.1775353,0.2924298,0.3241828,0.3694673,0.3610771,0.3693815,0.3674133,0.1841191,0.4211835,Come mas de 2 pruebas.
ID11,20,22.83,1.4,19.76,0.0,0.0,1.0,1.0,1.0,0.1009742,0.04174583,,0.1009742,0.1384149,0.235048,0.156126,0.1262459,,0.04174583,0.04105771,0.4832124,0.4533736,0.503814,0.1927477,0.5583954,"Los datos del inicio del video no fueron leidos por el programa, tampoco los 0,5 segundos antes ni despues de la primera prueba (los despues fueron considerados los siguientes mas proximos)"
ID12,1,22.566,1.44,13.92,1.0,0.0,1.0,0.0,0.0,0.1243589,0.09422083,0.09901952,0.09750197,0.1060706,0.2508765,0.2730761,0.3669966,0.09321401,0.2479044,0.3087176,0.4958106,0.4737754,0.5619009,0.1062936,0.3074375,Se lo acerca a la boca pero no lo prueba 
ID12,2,5.233,1.06,2.72,1.0,0.0,1.0,0.0,0.0,0.1142948,0.4418459,0.1190336,0.1141463,0.1182612,0.1183446,0.1100066,0.104767,0.4324604,0.3808539,0.3265742,0.2827995,0.257592,0.3571825,0.1341784,0.5905024,"primero lo empuja, después lo agarra, pero no prueba  "
ID12,3,10.8,0.0,6.25,1.0,0.0,1.0,0.0,0.0,0.0794615,0.0,,0.0794615,0.08494901,0.09739874,,,,0.0,0.03922502,0.4675803,,,0.1076322,0.4197339,"Inicia el video con el coliflor en la mano, lo toca con la boca pero no lo prueba "
ID12,4,34.633,0.0,10.39,0.0,0.0,1.0,1.0,1.0,0.07711896,0.1191167,,0.07711896,0.1058702,0.1102191,,,,0.1191167,0.1153237,0.4447846,,,0.1334849,0.2954331,"inicia el video con el coliflor en la mano, al principio solo lo toca con la boca, pero después lo prueba "
ID12,5E,12.966,0.61,6.05,1.0,0.0,1.0,0.0,0.0,0.1080541,0.04209167,0.1127918,0.1196104,0.1030219,,0.1542634,0.1346709,0.04474305,0.07209378,0.1457842,,0.5246242,0.6421005,0.2874253,0.3637328,"estudiante le da el alimento, lo toca pero no lo prueba "
ID12,5P,9.966,1.65,,0.0,0.0,1.0,1.0,1.0,0.06672775,0.0,0.07724884,0.1995704,0.1509604,,,,0.2853993,0.4236056,0.4124988,,,,0.07253251,0.6481366,come el alimento en forma papilla dado por la estudiante 
ID12,6E,23.033,0.0,,1.0,0.0,1.0,0.0,0.0,0.08383796,0.5052375,,0.08383796,0.07573289,,,,,0.5052375,0.5487934,,,,0.07887455,0.2895538,"lo tiene todo el tiempo en la mano, lo toca con la boca pero no lo come "
ID12,6P,9.433,1.43,,0.0,0.0,1.0,1.0,1.0,0.07138076,0.4152042,0.1322505,0.3178509,0.264551,,,,0.3754205,0.4177588,0.5655727,,,,0.1238734,0.344272,come papilla dada por estudiante mientras juega con el coliflor entero 
ID12,7P,12.033,,,1.0,0.0,0.0,0.0,0.0,,,,,,,,,,,,,,,0.1222685,0.3453705,gira la cara todo el tiempo y no prueba la papilla 
ID12,8E,10.3,0.0,5.65,1.0,0.0,1.0,0.0,0.0,0.2280201,0.7435292,,0.2280201,0.1547369,0.1141891,0.09737071,0.1399549,,0.7435292,0.7189533,0.4631059,0.4335902,0.3720898,0.109276,0.5047137,"lo toca y lo deja en el posillo, no lo prueba "
ID12,9E,12.766,0.0,5.29,1.0,0.0,1.0,0.0,0.0,0.086647,0.3292584,,0.086647,0.0816773,0.2015351,0.1778578,0.1593312,,0.3292584,0.3253808,0.248875,0.2455039,0.2837166,0.2337229,0.4637481,"inicia el video con el coliflor en la mano, lo toca y no lo prueba, lo aleja con la mano "
ID12,10E,5.566,,,1.0,0.0,0.0,0.0,0.0,0.09527824,0.01672916,,,,,,,,,,,,,0.1615237,0.2446972,"juega con el pocillo donde está el coliflor, no toca el coliflor, solo el pocillo "
ID12,10P,31.033,1.71,16.26,0.0,0.0,1.0,1.0,1.0,,,0.1174571,0.2874521,0.2153728,0.1498492,0.2348427,0.27495,0.07569067,0.3273939,0.4237379,0.07371388,0.2823056,0.4096354,0.1545793,0.3007233,prueba 3 veces la papilla 
ID12,11E,7.7,0.88,,1.0,0.0,1.0,0.0,0.0,0.1100928,0.2749,0.10383,0.1097805,0.1133395,,,,0.2741365,0.2735234,0.2705954,,,,0.08014002,0.1918826,"no lo prueba, solo toca el coliflor y juega con el pocillo "
ID12,11P,10.666,5.75,,0.0,0.0,1.0,1.0,1.0,,,0.1871124,0.3082295,0.3104981,,,,0.3413018,0.3488591,0.5333382,,,,0.1913425,0.5317823,.
ID12,12E,7.033,1.86,,1.0,0.0,1.0,0.0,0.0,0.07692101,0.147625,0.1164454,0.1110196,0.1102862,,,,0.1714172,0.2407354,0.2329257,,,,0.1307233,0.7668851,solo lo toma 
ID12,12P,16.833,1.05,10.25,0.0,0.0,1.0,1.0,1.0,0.07650501,0.05701251,0.08533797,0.1804242,0.2986698,,0.152454,0.1763185,0.05693322,0.2893726,0.5934225,,,0.4889294,0.4045818,0.8159162,prueba la papilla mientras juega con el coliflor entero 
ID12,13E,10.733,0.0,,0.0,0.0,1.0,1.0,0.0,0.08312672,0.4292334,,0.08312672,0.09790284,,,,,0.4292334,0.4467719,,,,0.1323926,0.4876008,"en todo momento tiene el coliflor en las manos. Solo lo saborea, sin tragar "
ID12,13P,6.769,0.11,,0.0,0.0,1.0,1.0,1.0,0.1427367,0.5748167,,0.1514652,0.2122566,,,,,0.574689,0.6533958,,,,0.09169072,0.5037351,
ID12,14E,24.4,0.37,,0.0,0.0,1.0,1.0,1.0,,,,0.1183162,0.1204959,,,,,0.03756945,0.03936628,,,,0.1444815,0.438831,"lo prueba, la primera vez lo toma sola y la segunda de se lo da la tía del jardín "
ID12,15E,2.8,0.0,,1.0,0.0,1.0,0.0,0.0,0.07699577,0.02947083,,0.07699577,0.07944039,,,,,0.02947083,0.02892016,,,,0.1056367,0.03375949,"inicia el video con el coliflor en la mano, no lo come "
ID12,15P,9.1,0.78,6.46,0.0,0.0,1.0,1.0,1.0,0.3441013,0.7270209,0.3538468,0.3710663,0.2407814,0.2026584,0.294513,0.192935,0.7467313,0.7900654,0.7687618,0.2956749,0.6207911,0.5985426,0.0953191,0.4508551,"la tía del jardín le da la papilla, mientras juega con el coliflor entero "
ID12,16E,13.7,6.97,,0.0,0.0,1.0,1.0,1.0,0.08014413,0.09549168,,,,,,,,,,,,,0.1431684,0.4811277,al principio quita la cara. El coliflor se lo da la tía del jardín
ID12,16P,12.666,0.57,9.26,0.0,0.0,1.0,1.0,1.0,,,,,,0.3271498,0.3909031,0.315183,,,,0.7030864,0.9274332,0.9372905,0.07318828,0.6852563,papilla se la da la tía del jardín 
ID12,17E,11.6,0.0,,0.0,0.0,1.0,1.0,1.0,0.1320167,0.4278042,,0.1320167,,,,,,0.4278042,,,,,0.1586478,0.5750076,inicia el video con el coliflor en la boca 
ID12,18E,14.5,0.0,,0.0,0.0,1.0,1.0,1.0,0.4903145,0.8684167,,0.4903145,0.4477623,,,,,0.8684167,0.8622538,,,,0.1777257,0.6176352,inicia el video con el coliflor en la boca 
ID12,19E,28.8,0.0,,0.0,0.0,1.0,1.0,1.0,0.120548,0.6990625,,0.120548,0.1064186,,,,,0.6990625,0.6779303,,,,0.1686586,0.3070058,inicia el video con el coliflor tomado con la mano. En todo el video tiene tomado el coliflor
ID12,20E,11.333,0.0,,0.0,0.0,1.0,1.0,1.0,0.1459734,0.11195,,0.1459734,0.1487572,,,,,0.11195,0.192539,,,,0.1321475,0.6123358,inicia el video con el coliflor tomado con la mano. En todo el video tiene tomado el coliflor
ID12,20P,17.8,1.78,12.93,0.0,0.0,1.0,1.0,1.0,,,,,,0.360514,0.4038244,0.3249879,,,,0.6398314,0.9114072,0.9217498,0.13608,0.4508799,come la papilla dada por la tía del jardín. Juega con el coliflor entero 
ID13,1E,15.43,13.33,,1.0,0.0,1.0,0.0,0.0,0.0951848,0.1225292,0.08318496,0.0848242,0.07712229,,,,0.5369238,0.4816087,0.4545968,,,,0.1073269,0.6586822,Lo toca solo para volver a guardar el alimento en el pote 
ID13,2E,10.36,,,1.0,0.0,0.0,0.0,0.0,0.06605884,0.0,,,,,,,,,,,,,0.1927944,0.5852877,Rechaza indicando NO. V y A finales de 10.16
ID13,2P,9.46,,,1.0,0.0,0.0,0.0,0.0,0.2536434,0.4472167,,,,,,,,,,,,,0.07362045,0.2548833,V y A iniciales de 1.33
ID13,3EP,27.3,,,1.0,0.0,0.0,0.0,0.0,0.11076,0.3184625,,,,,,,,,,,,,0.09888738,0.5835469,V y A finales de 25.56
ID13,4E,36.13,,,1.0,0.0,0.0,0.0,0.0,0.1188435,0.2433167,,,,,,,,,,,,,0.2161119,0.3752876,
ID13,4P,7.63,,,1.0,0.0,0.0,0.0,0.0,0.3841333,0.6050959,,,,,,,,,,,,,0.1689393,0.3044178,V y A iniciales de 0.9 y finales de 7.5
ID13,5E,,1.95,37.76,1.0,0.0,1.0,0.0,0.0,0.1329437,0.5556083,0.1296723,0.1523515,0.2935309,0.102218,0.09601159,0.1023849,0.5990391,0.5703745,0.5552402,0.3210204,0.3044486,0.2916122,0.1056235,0.3934384,Solo toca el alimento con la mano 
ID13,5P,23.46,,,1.0,0.0,0.0,0.0,0.0,0.1091393,0.3524667,,,,,,,,,,,,,0.1901493,0.6948535,Se cubre la boca y con cabeza indica NO
ID14,1,15.866,3.58,,1.0,0.0,1.0,0.0,0.0,0.135996,0.621425,0.2113607,0.2333057,0.3141019,,,,0.5220459,0.4616304,0.4864327,,,,0.3786015,0.6066965,"la tía del jardín lo pone en su mano, por ende lo toca. No lo consume ni se lo acerca a la boca "
ID14,2E,14.733,,,1.0,0.0,0.0,0.0,0.0,,,,,,,,,,,,,,,0.2601462,0.2742627,no lo toca. Niega con la cabeza
ID14,2P,7.333,2.09,,0.0,0.0,1.0,1.0,1.0,,,0.1658006,0.1892418,0.1542917,,,,0.1530855,0.1967118,0.3049572,,,,0.315111,0.5400757,prueba la papillla. Gira en su silla después de probar 
ID14,3E,15.8,1.81,,1.0,0.0,1.0,0.0,0.0,0.06328422,0.2887833,0.1100603,0.1961986,0.2963474,,,,0.2516311,0.2337295,0.4328575,,,,0.1002571,0.2306219,"al principio lo toca, luego se lo ofrece la tía del jardín pero niega con la cabeza "
ID14,3E,19.166,0.0,,0.0,0.0,1.0,1.0,1.0,,,,,0.06902372,,,,,,0.07163864,,,,0.1184393,0.151515,prueba el alimento. Gira en su silla 
ID14,4E,20.366,,,1.0,0.0,0.0,0.0,0.0,0.1305646,0.3126583,,,,,,,,,,,,,0.3122307,0.7029757,"tiene juguetes en las manos en todo el video, no mira el pocillo "
ID14,4P,10.433,2.72,,0.0,0.0,1.0,1.0,0.0,0.121121,0.5033833,0.1309371,0.2355331,0.1779384,,,,0.4122125,0.4688041,0.4359852,,,,0.1386255,0.6153425,tiene juguetes en las manos en todo el video. Prueba la papilla pero la empuja casi toda para afuera con la lengua.
ID14,5P,15.266,,,1.0,1.0,0.0,0.0,0.0,,,,,,,,,,,,,,,0.1666351,0.7071983,"sentado en la siila no prueba, luego la tía lo toma en brazos y tampoco prueba "
ID14,6P,43.166,11.3,22.25,0.0,0.0,1.0,1.0,1.0,0.265159,0.7540542,0.1145364,0.1745426,0.2111484,0.2777698,0.3537222,0.2788784,0.396712,0.3970726,0.4005192,0.4379727,0.4174817,0.3966933,0.3566757,0.3844435,niega con la cabeza. Al probar las 2 primeras veces empuja casi toda la papilla con la lengua. Las otras 2 pruebas si las traga 
ID14,7E,21.9,0.0,11.69,1.0,0.0,1.0,0.0,0.0,0.5046766,0.6281334,,0.5046766,0.3849513,,,,,0.6281334,0.6183208,,,,0.3107682,0.6642972,"tiene un juguete en la mano, con la otra toca el coliflor pero no lo come ni se lo acerca a la boca "
ID14,7P,23.733,14.23,,1.0,0.0,1.0,0.0,0.0,,,0.2744351,0.2396221,0.2060005,,,,0.4108957,0.3702328,0.3534927,,,,0.2164528,0.2669994,"niega con la cabeza. Toma la cuchara con la mano y se ensucia, no lo come"
ID14,8P,19.133,12.32,,0.0,0.0,1.0,1.0,1.0,0.2211329,0.5553209,0.3101419,0.217655,0.1716798,,,,0.7560883,0.7303845,0.6507412,,,,0.1723937,0.7189822,niega con la cabeza. Al momento de probar tiene un juguete en la mano 
ID14,9E,27.9,0.0,6.68,0.0,0.0,1.0,1.0,1.0,0.1197307,0.467675,,0.1197307,0.1065377,0.09082252,0.1027507,0.119363,,0.467675,0.477282,0.3414727,0.2866949,0.239319,0.1541575,0.5156984,
ID14,10E,12.666,0.18,3.85,1.0,0.0,1.0,0.0,0.0,0.06913837,0.02934167,,0.06944153,0.06976561,0.107328,0.1649555,0.243908,,0.02922683,0.02623133,0.09881419,0.3873538,0.6548971,0.1355396,0.1143124,toca el coliflor y juega con el en el pocillo. No lo come 
ID14,10P,50.233,30.5,,0.0,0.0,1.0,1.0,1.0,,,0.1395339,0.1573267,0.2304194,,,,0.4379405,0.3764876,0.3369501,,,,0.1045889,0.4245863,"al principio juega con la papilla y la cuchara, luego la prueba "
ID14,11E,15.3,0.0,,1.0,0.0,1.0,0.0,0.0,,,,,,,,,,,,,,,0.1050909,0.3424623,"inicia el video tocando el coliflor, luego lo suelta y no lo toma más "
ID14,11P,17.5,32.89,,0.0,0.0,1.0,1.0,1.0,0.2892007,0.2930042,0.203279,0.1787402,0.1478177,,,,0.276295,0.4036851,0.3887146,,,,0.08803318,0.1177604,al principio la tía del jardín le intenta dar con la cuchara pero no come. Después toma la cuchara él y come 
ID14,12E,30.433,0.0,9.45,1.0,0.0,1.0,0.0,0.0,0.07782317,0.2236584,,0.07782317,0.0775354,,0.3142084,0.3538617,,0.2236584,0.2192462,,0.5727344,0.7133824,0.09768134,0.1988904,"inicia el video con el coliflor en la mano, se lo lleva a la boca pero no lo come "
ID14,12P,24.0,18.39,,0.0,0.0,1.0,1.0,1.0,0.1031777,0.0259125,,,,,,,,,,,,,0.1576899,0.532611,el toma la cuchara y lo prueba 
ID14,13E,29.433,0.0,16.16,0.0,0.0,1.0,1.0,0.0,0.06904312,0.004354166,,0.06904312,,0.09283068,0.1789485,,,0.004354166,,0.03206388,0.09107474,,0.1291236,0.3335488,"inicia el video con el coliflor en la mano, estudiante le pasa un trozo pequeño y él lo toca con la boca pero no lo traga "
ID14,13P,8.1,2.79,,0.0,0.0,1.0,1.0,1.0,0.1400431,0.2598459,0.1973326,0.1595607,0.1551306,,,,0.2697906,0.3921142,0.3907321,,,,0.1122013,0.5014769,profesora le da la papilla con la cuchara 
ID14,14E,,0.0,58.3,0.0,0.0,1.0,1.0,1.0,0.2871071,0.5867916,,0.2871071,0.2415921,0.1342276,0.1536552,0.1358609,,0.5867916,0.579618,0.0343069,0.05588279,0.1229275,0.0871656,0.4339001,"inicia el video con el coliflor en la mano. La profesora lo saca del pocillo y se lo da, ahí lo saborea con la boca, luego come un pedacito"
ID14,15,54.266,0.0,33.19,0.0,0.0,1.0,1.0,1.0,,,,,,,0.1570748,0.1529004,,,,,0.146509,0.2282078,0.09193531,0.488626,"inicia el video con el coliflor en la mano, se lo lleva a la boca. Comienza a comerlo de a poco y al final se come el coliflor entero "
ID15,1,44.63,18.63,33.36,0.0,0.0,1.0,1.0,0.0,0.2679431,0.4535084,0.2555714,0.1926058,0.1593737,0.3550005,0.332703,0.2861467,0.6933925,0.6789187,0.630341,0.6717669,0.6651779,0.6559241,0.2652944,0.4575483,Solo prueba el alimento
ID15,2,,9.93,26.5,0.0,0.0,1.0,1.0,1.0,0.3711418,0.615975,0.2815389,0.2699784,0.2611,0.3094097,0.249806,0.2623648,0.518443,0.5623445,0.5678259,0.7148112,0.7029545,0.7544377,0.2883052,0.4439771, 
ID15,3,38.4,13.53,25.73,0.0,0.0,1.0,1.0,1.0,0.08260842,0.05225001,0.1074606,0.1055203,0.09602519,0.172269,0.1167938,0.1019008,0.5889091,0.5831255,0.5735724,0.3871683,0.3749946,0.4072875,0.09108097,0.3675638,
ID15,4,23.33,7.31,10.6,0.0,0.0,1.0,1.0,1.0,0.1507816,0.3906667,0.18906,0.1613212,0.1418481,0.1572263,0.1743909,0.1596766,0.5309276,0.4888462,0.4454378,0.3077008,0.2506667,0.2088311,0.107802,0.5349622,
ID15,5,35.93,15.03,33.63,0.0,0.0,1.0,1.0,1.0,0.15205,0.09514166,0.191202,0.1744549,0.1401634,0.296651,0.1959824,0.150872,0.6406011,0.6126131,0.1401634,0.6780885,0.6661236,0.6324784,0.2285045,0.434093,
ID15,6,20.13,7.93,,0.0,0.0,1.0,1.0,1.0,0.39538,0.7634084,0.07252534,0.1050244,0.122669,,,,0.4830073,0.4591612,0.4377613,,,,0.07062992,0.2749236,Se tomo datos de Arousal y Valence finales del segundo 15.03
ID15,7E,9.6,2.22,7.96,0.0,0.0,1.0,1.0,1.0,0.1023079,0.6214958,0.1415179,0.1124902,0.1150326,0.2449653,0.1694413,0.1536019,0.5728894,0.5356095,0.4965564,0.3275782,0.3233406,0.3566814,0.1992114,0.5696083,
ID15,7P,20.33,3.46,17.83,0.0,0.0,1.0,1.0,1.0,0.2012467,0.4454792,0.2012467,0.2138252,0.2331665,0.1253771,0.2151914,0.3841157,0.4454792,0.4370524,0.4576354,0.4909527,0.4902246,0.5559951,0.1718321,0.5150642,Datos V y A  inicio tomados del segundo 3.03
ID15,8,12.4,2.96,10.86,0.0,0.0,1.0,1.0,1.0,0.06742731,0.1607125,0.2335013,0.2523471,0.2405991,0.2792954,0.261398,0.195012,0.4750753,0.6434034,0.6608543,0.4587713,0.5156655,0.5156655,0.1530561,0.4265943,
ID15,9,40.93,16.33,22.6,0.0,0.0,1.0,1.0,1.0,0.06403574,0.08285001,0.2851781,0.1904448,0.1587494,0.1586995,0.1236509,0.1109324,0.7366456,0.6882576,0.6079289,0.4261711,0.4633507,0.5511599,0.1237001,0.393528,
ID15,10,23.06,8.1,11.1,0.0,0.0,1.0,1.0,1.0,0.06835984,0.3115625,0.2889973,0.1957083,0.141875,0.1405596,0.1514447,0.2329648,0.6853025,0.6339658,0.5682902,0.4667865,0.445866,0.414081,0.1920474,0.3081541,A y V final anotados de segundo 20.16
ID15,11,26.43,18.76,,0.0,0.0,1.0,1.0,1.0,0.5146033,0.785775,0.1545684,0.1747407,0.1864561,,,,0.1841069,0.366396,0.6714184,,,,0.1746359,0.8006185,"A y V inicial tomado del segundo 5.40. Consume en 14.58, pero no hay datos en ese sesundo ni cercanos, en tiempo anotado solo toca el alimento "
ID15,12,23.4,9.36,15.4,0.0,0.0,1.0,1.0,1.0,0.07433094,0.006412498,,0.4452809,0.2867247,0.4121364,0.3775151,0.3707787,,0.6493446,0.6293805,0.6638186,0.664654,0.6620625,0.2764277,0.3534565,"No hay 0,5 antes de la prueba 1 programa no lo registra "
ID15,13,33.2,7.46,13.96,0.0,0.0,1.0,1.0,1.0,0.08929389,0.0030125,0.1882182,0.1777646,0.1378438,0.2414317,0.1838947,0.1590862,0.5454667,0.5275297,0.501771,0.5075282,0.4867881,0.4606542,0.2430513,0.5101209,
ID15,14,17.83,15.66,,0.0,0.0,1.0,1.0,1.0,0.1443397,0.09592501,0.1616995,0.2224346,0.1952588,,,,0.5529088,0.5094453,0.478136,,,,0.1908346,0.3725347,
ID15,15,18.96,8.33,17.23,0.0,0.0,1.0,1.0,1.0,0.0885236,0.0005472411,0.1815777,0.2537842,0.2568162,0.3150122,0.2340945,0.1891064,0.2065722,0.3026403,0.4037196,0.6260365,0.6260189,0.5627085,0.2552465,0.6816778,A inicio del segundo 0.3 
ID15,16,26.03,3.86,9.33,0.0,0.0,1.0,1.0,1.0,0.0940147,0.05623333,0.1909216,0.160952,0.1215135,0.1767538,0.1290157,0.09866963,0.3853752,0.4079045,0.3918234,0.3314401,0.3098938,0.3011106,0.1695305,0.1103854,
ID15,17,35.36,4.46,20.17,0.0,0.0,1.0,1.0,1.0,0.08474765,0.001820832,0.1418138,0.1496985,0.1289385,0.2743385,0.189691,0.1429614,0.3156772,0.3212431,0.3401304,0.5356534,0.5083128,0.4666727,0.2763676,0.6259165,"2da prueba fue la tercera, la segunda real no tomo los datos (segundo 9.61)"
ID15,18,18.16,2.76,7.36,0.0,0.0,1.0,1.0,1.0,0.1041692,0.054725,0.1590343,0.1952293,0.1648548,0.3641224,0.2513221,0.2333476,0.4800615,0.4615164,0.4483741,0.6568155,0.6445855,0.7644778,0.09929261,0.4242454,
ID15,19,18.1,5.56,14.8,0.0,0.0,1.0,1.0,1.0,0.07766031,0.08688751,0.2854217,0.3092581,0.2005802,0.2116007,0.160345,0.1142001,0.5575627,0.5696658,0.5584431,0.6264293,0.6154544,0.5651301,0.08972576,0.3580539,
ID15,20,23.56,2.8,18.56,0.0,0.0,1.0,1.0,1.0,0.07896283,0.1406875,0.348399,0.3794408,0.2855507,0.3092642,0.2978332,0.2638771,0.7980283,0.8156615,0.7990885,0.6688931,0.6638721,0.6245195,0.2177324,0.6345848,
ID16,1E,12.866,,,1.0,0.0,0.0,0.0,0.0,0.08733282,0.01501666,,,,,,,,,,,,,0.07248818,0.2483686,"niega con la cabeza, no toca el coliflor, solo toca el pocillo "
ID16,2E,13.4,0.0,5.09,0.0,0.0,1.0,1.0,0.0,0.07009166,0.01239167,,0.07009166,0.07088745,0.1135826,0.08898008,0.0836873,,0.01239167,0.01165783,0.5187654,0.4639763,0.4263071,0.166431,0.3129121,inicia el video con el coliflor en la mano. Casi al final saborea el coliflor pero no muerde 
ID16,3E,7.033,0.0,,1.0,0.0,1.0,0.0,0.0,0.3217124,0.8071709,,0.3217124,0.3338002,,,,,0.8071709,0.8032756,,,,0.07876366,0.5211616,"inicia el video con el coliflor en la mano, solo lo mira "
ID16,4E,5.433,0.0,,0.0,0.0,1.0,1.0,0.0,0.1390715,0.06995001,,0.1390715,0.1218823,,,,,0.06995001,0.0656999,,,,0.1008223,0.4384372,"inicia el video con el coliflor en la mano, se lo lleva a la boca, lo saborea pero no lo muerde ni lo come "
ID16,4P,15.033,3.77,,1.0,0.0,1.0,0.0,0.0,0.08713917,0.01509166,0.1940508,0.3013124,,,,,0.2348036,0.5148904,,,,,0.6302097,0.7150369,"profesora le da la papilla en la cuchara, en el momento que está cerca de su cara, corre la cara "
ID16,5E,5.8,0.0,,0.0,0.0,1.0,1.0,0.0,0.1791172,0.6509584,,0.1791172,0.1514831,,,,,0.6509584,0.6357373,,,,0.08980441,0.1619367,inicia el video moviendo la boca como si lo hubiese saboreado. Otro niño toma el coliflor 
ID16,5P,2.933,,,1.0,0.0,0.0,0.0,0.0,,,,,,,,,,,,,,,0.1162912,0.3225069,"profesora ofrece papilla con la cuchara, él niega con la cabeza "
ID16,6E,4.733,0.0,,1.0,0.0,0.0,0.0,0.0,0.0722147,0.0,,0.0722147,0.07465037,,,,,0.0,0.0,,,,0.1072612,0.187318,"inicia el video con el coliflor en la mano, se lo lleva a la boca pero no alcanza a tocarlo con la boca "
ID16,6P,5.333,,,1.0,0.0,0.0,0.0,0.0,0.145487,0.1313125,,,,,,,,,,,,,0.1133758,0.1856889,Tía del jardín le ofrece la papilla con la cuchara pero él niega con la cabeza 
ID16,7E,7.133,0.0,,0.0,0.0,1.0,1.0,0.0,0.16586,0.1055583,,0.16586,,,,,,0.1055583,,,,,0.153007,0.4234528,"inicia el video con el coliflor en la mano, se lo lleva a la boca y lo saborea, no lo muerde ni lo traga "
ID16,7P,10.3,0.2,,0.0,0.0,1.0,1.0,0.0,,,,0.1484724,0.1508531,,,,,0.4035486,0.3873052,,,,0.2492784,0.506178,"cuando lo prueba, saca la lengua "
ID16,8E,23.933,0.0,8.02,0.0,0.0,1.0,1.0,0.0,0.1906033,0.1446833,,0.1906033,0.1663838,0.2246527,0.1933318,0.1582257,,0.1446833,0.1407378,0.4606935,0.4438451,0.3999635,0.1154939,0.03933879,"inicia el video con el coliflor en la mano, prueba un trozo muy pequeño pero se lo saca de la boca, luego prueba otro trozo pequeño y lo saborea  "
ID16,9E,14.066,0.0,,1.0,0.0,1.0,0.0,0.0,0.07240174,0.0,,0.07240174,,,,,,0.0,,,,,0.2074506,0.2585618,"inicia el video con el coliflor en la mano, solo lo mira "
ID16,9P,14.1,,,1.0,0.0,0.0,0.0,0.0,,,,,,,,,,,,,,,0.1158361,0.2678433,niega con la cabeza y se aleja de la cuchara 
ID16,10E,4.233,,,1.0,0.0,0.0,0.0,0.0,0.09032145,0.4673667,,,,,,,,,,,,,0.1040379,0.1179052,no toca el coliflor ni lo mira 
ID16,11E,14.666,0.7,,1.0,0.0,1.0,0.0,0.0,0.08790196,0.03731667,0.08924844,0.08398274,0.08813041,,,,0.03660588,0.03109026,0.02536169,,,,0.09708465,0.1331651,juega con el coliflor. Alguien le ofrece un trozo pequeño pero lo bota 
ID16,12E,11.5,0.0,,0.0,0.0,1.0,1.0,0.0,0.07985497,0.005412499,,0.07985497,0.08272613,,,,,0.005412499,0.00540953,,,,0.08648968,0.08911195,"al inicio mira el coliflor, después saborea un trozo muy pequeño"
ID16,12P,6.6,,,1.0,0.0,0.0,0.0,0.0,,,,,,,,,,,,,,,0.1538978,0.06687901,"niega con la cabeza cuando le acercan la cuchara, se aleja de la cuchara "
ID16,13E,4.833,0.0,,1.0,0.0,1.0,0.0,0.0,0.1208115,0.09567083,,0.1208115,0.1122098,,,,,0.09567083,0.1085927,,,,0.08243824,0.09065424,comienza el video con el coliflor en la mano y lo mira 
ID16,13P,4.9,,,1.0,0.0,0.0,0.0,0.0,0.08269802,0.04065833,,,,,,,,,,,,,0.1590558,0.2099128,"quita la cara cuando le acercan la cuchara, cierra los ojos "
ID16,14E,9.533,0.0,3.38,1.0,0.0,1.0,0.0,0.0,0.08060908,0.02292917,,0.08060908,0.07383395,,0.0794745,0.07595279,,0.02292917,0.02027864,,0.01773444,0.0202481,0.1311534,0.4093857,"lo toca, lo desarma pero no lo come"
ID16,14P,3.033,,,1.0,0.0,0.0,0.0,0.0,0.07375301,0.04755417,,,,,,,,,,,,,0.09198641,0.1954229,aleja la cuchara con su mano 
ID16,15E,13.0,0.0,,0.0,0.0,1.0,1.0,1.0,0.6951334,0.8379542,,0.6951334,0.6473342,,,,,0.8379542,0.842743,,,,0.1621428,0.3624716,"Inicia el video con el coliflor en la mano, lo come "
ID16,16E,12.0,0.0,,0.0,0.0,1.0,1.0,1.0,0.07058529,0.0,,0.07058529,0.132507,,,,,0.0,0.05600146,,,,0.1322575,0.1383331,"inicia el video con el coliflor en la mano, lo come "
ID16,17E,14.833,0.0,,0.0,0.0,1.0,1.0,1.0,0.07077653,0.4928625,,0.07077653,0.1345128,,,,,0.4928625,0.4822364,,,,0.1551258,0.6188665,"Inicia el video con el coliflor en la mano, lo come "
ID16,18E,12.766,0.0,,0.0,0.0,1.0,1.0,1.0,0.311726,0.5711125,,0.311726,0.3532469,,,,,0.5711125,0.565686,,,,0.06741843,0.3580626,"Inicia el video con el coliflor en la mano, lo come "
ID16,19E,27.966,1.67,,0.0,0.0,1.0,1.0,1.0,0.4474119,0.4531958,0.288106,0.2284333,0.1753646,,,,0.4253162,0.3880958,0.3311152,,,,0.09466162,0.07808014,
ID17,1E,5.7,,,1.0,0.0,0.0,0.0,0.0,0.06784419,0.5317167,,,,,,,,,,,,,0.1141891,0.2915334,
ID17,2P,15.09,1.36,,1.0,0.0,0.0,1.0,1.0,0.1023586,0.01943333,0.1352424,0.1972274,0.1753394,,,,0.04532057,0.1090027,0.3716777,,,,0.1174453,0.01182979,"Prueba la papilla, sin embargo en el video se ve que, al parecer, antes se intentó probar el formato E. También rechaza volver a probarlo."
ID17,3P,6.06,,,1.0,0.0,0.0,0.0,0.0,0.1865813,0.54515,,,,,,,,,,,,,0.1185317,0.2327135,
ID17,4P,12.93,,,1.0,0.0,0.0,0.0,0.0,0.1622267,0.3360542,,,,,,,,,,,,,0.1045782,0.4503024,
ID17,5P,17.66,,,1.0,0.0,0.0,0.0,0.0,0.06423026,0.3243958,,,,,,,,,,,,,0.1385329,0.338992,"No prueba la papilla, sin embargo en el video se ve que, al parecer, antes se intentó probar el formato E."
ID17,6P,5.46,,,1.0,0.0,0.0,0.0,0.0,0.1297423,0.2063625,,,,,,,,,,,,,0.1045723,0.7078258,
ID17,7P,9.66,0.7,6.0,0.0,0.0,0.0,1.0,1.0,0.1959261,0.2826334,0.2197916,0.2078609,0.1471001,0.1145268,0.2003717,0.144327,0.2831628,0.4607458,0.539189,0.4318894,0.379939,0.3654495,0.1585961,0.4170837,
ID17,7E,11.83,0.81,4.36,0.0,0.0,0.0,1.0,1.0,,,,,,,,,,,,,,,,,"Casi todo el documento de análisis dice FIT_FAILED, por lo que no hay valores"
ID17,8P,5.33,,,1.0,0.0,0.0,0.0,0.0,0.07013387,0.0,,,,,,,,,,,,,0.2359552,0.4343258,
ID17,9P,5.69,0.66,,1.0,0.0,0.0,1.0,1.0,0.1535621,0.4152625,0.1485658,0.1198817,0.1502696,,,,0.4151343,0.4062099,0.3854471,,,,0.126277,0.3953888,Prueba la papilla pero rechaza una segunda prueba
ID17,10P,6.76,2.96,,1.0,0.0,0.0,1.0,0.0,0.1059214,0.2901625,0.1452094,0.2450378,0.3180877,,,,0.4340114,0.4946877,0.6506087,,,,0.1668299,0.4691519,"Le queda papilla en el labio y ahi la prueba, pero no abre la boca para recibir la cucharadita"
ID17,11P,68.33,,,1.0,0.0,0.0,0.0,0.0,0.1077428,0.3041042,,,,,,,,,,,,,0.1145841,0.3388409,"No quiso abrir la boca, le queda en el labio pero no la prueba"
ID17,11E,56.76,,,1.0,0.0,0.0,0.0,0.0,0.07903727,0.02479583,,,,,,,,,,,,,,,
ID18,1,47.3,11.11,,1.0,0.0,0.0,1.0,0.0,0.07236273,0.4591709,0.1809802,0.151707,0.114384,,,,0.3898005,0.382037,0.3722073,,,,0.2043802,0.2434496,Prueba de los labios
ID18,2,50.43,31.88,44.23,1.0,0.0,1.0,1.0,1.0,0.106152,0.4434,0.3642401,0.3099758,0.3486238,0.3046913,0.2386085,0.2440201,0.4320621,0.5376063,0.585278,0.5547091,0.5156897,0.4920457,0.09044161,0.1576155,"come la segunda vez, primera solo prueba "
ID18,3,35.33,12.03,,1.0,0.0,0.0,1.0,0.0,0.2034394,0.4472709,0.1888441,0.2528563,0.2171761,,,,0.4312869,0.4137021,0.3961965,,,,0.106993,0.6357324,Solo lo toca con los labios 
ID18,4,17.7,,,1.0,0.0,0.0,0.0,0.0,0.3787026,0.8369834,,,,,,,,,,,,,0.08989924,0.5187027,No prueba ni lo toca con los labios
ID18,5,17.93,9.77,,1.0,0.0,0.0,1.0,0.0,0.0929294,0.2949583,0.1251079,0.1356524,0.1231131,,,,0.3652627,0.6662142,0.8183759,,,,0.1319527,0.3938576,"Come lo de los labios, no por cuenta propia "
ID18,6,39.96,,,1.0,0.0,0.0,0.0,0.0,0.1160026,0.3804291,,,,,,,,,,,,,0.07159036,0.3227998,No prueba
ID18,7,20.9,13.63,18.23,0.0,0.0,0.0,1.0,1.0,0.0719187,0.464425,0.1522757,0.157028,0.148238,0.1950626,0.1754817,0.1219653,0.3679285,0.3844701,0.4179551,0.3555151,0.3966398,0.4056442,0.2025002,0.446877,
ID19,1E,3.56,,,1.0,0.0,0.0,0.0,0.0,0.09160537,0.345075,,,,,,,,,,,,,0.119786,0.317961,No quiere probar ni tocar
ID19,2E,19.59,4.733,13.9,0.0,0.0,1.0,1.0,1.0,0.08236569,0.01927083,0.3569067,0.337869,0.3503974,0.267958,0.4190707,0.3990705,0.5587023,0.5440792,0.5391619,0.4463942,0.6434197,0.6607447,0.09604013,0.5471864,Lo prueba sola
ID19,3E,15.19,1.5,9.0,0.0,0.0,1.0,1.0,1.0,0.1260303,0.1350209,0.2886617,0.3131198,0.3222585,0.5690525,0.3031002,0.1726537,0.6265396,0.6508619,0.733935,0.9367489,0.8718063,0.7598579,0.07653338,0.1524106,
ID19,4P,6.59,,,1.0,1.0,0.0,0.0,0.0,0.4471873,0.9639583,,,,,,,,,,,,,0.5746939,0.7990105,
ID19,5E,23.83,3.5,15.98,0.0,0.0,1.0,1.0,1.0,0.06700412,0.0,0.3230762,0.3814099,0.3146242,0.3360452,0.3539429,0.4060092,0.7899669,0.7984583,0.7869124,0.5319617,0.5734243,0.5848224,0.1593411,0.4265262,
ID19,6P,5.43,,,1.0,0.0,0.0,0.0,0.0,0.10285,0.02681667,,,,,,,,,,,,,0.122996,0.3624417,Tía le ofrece papilla en brazos y rechaza
ID19,7P,2.96,,,1.0,1.0,0.0,0.0,0.0,0.3089233,0.5896167,,,,,,,,,,,,,0.297692,0.5178686,En brazos lo rechaza
ID19,8E,19.56,0.53,12.96,0.0,0.0,1.0,1.0,1.0,0.3800427,0.5597333,0.3800411,0.3556084,0.283785,0.4371617,0.6504754,0.5774049,0.5597334,0.5626076,0.5554348,0.5672535,0.7417517,0.7379484,0.1578857,0.1884278,
ID19,9P,14.96,0.85,9.1,0.0,0.0,0.0,1.0,1.0,0.2184072,0.5204917,,0.2184072,0.1788131,,,,,0.5204917,0.5318764,,,,0.07923838,0.5824869,"Video tiene info desde 10,43 "
ID19,10E,12.39,1.96,8.7,0.0,0.0,1.0,1.0,1.0,0.09863061,0.2705833,0.2477719,0.2413481,0.1889618,,0.1713458,,0.4423092,0.4400934,0.5117366,,0.4738243,,0.1717694,0.4741815,"Tpo final 11,8. T°2 se usa 11,76 q es donde hay registro "
ID19,10P,9.6,1.94,,0.0,0.0,0.0,1.0,1.0,0.2326508,0.4758375,0.3463013,0.2232666,0.204372,,,,0.5353025,0.523787,0.4954984,,,,0.1327683,0.284974,
ID19,11E,10.73,1.0,7.46,0.0,0.0,1.0,1.0,1.0,0.3745263,0.9851584,0.2700012,0.2054482,0.148629,0.2372118,0.2277596,0.1612573,0.9805943,0.9107665,0.8346819,0.83718,0.8280987,0.7791185,0.1906447,0.5786559,
ID19,12E,9.76,0.8,5.12,0.0,0.0,1.0,1.0,1.0,0.1627412,0.5214959,0.1583226,0.1310307,0.1072469,0.1058618,0.09272856,0.07984414,0.5200592,0.5088861,0.5159275,0.4688078,0.4252068,0.3890629,0.09070037,0.349391,
ID19,13,,,,,,,,,,,,,,,,,,,,,,,,,No se graba porque llora desde antes de la prueba
ID19,14E,15.19,1.0,11.44,0.0,0.0,1.0,1.0,1.0,0.1217997,0.4785,0.1940525,0.2181848,0.1430058,0.1028049,0.1456531,0.1422485,0.531246,0.5751969,0.5403451,0.4652591,0.501615,0.4887326,0.1214382,0.4999745,
ID19,15E,19.53,0.98,15.75,0.0,0.0,1.0,1.0,1.0,0.1480237,0.6687875,0.1237568,0.1131843,0.1108422,0.2223444,0.1612481,0.1790438,0.6824327,0.6025028,0.6162508,0.7565164,0.6924234,0.6241215,0.2399334,0.5749838,T°1 sólo lo topa con la boca.
ID19,16E,20.73,0.62,15.63,0.0,0.0,1.0,1.0,1.0,0.08238216,0.2552833,0.08770799,0.2062366,0.1869921,0.1613937,0.1599984,0.1337928,0.2582514,0.3886988,0.4968958,0.421019,0.3965226,0.3750571,0.1138317,0.4016875,
ID19,17E,10.73,4.3,,0.0,0.0,1.0,1.0,1.0,0.1506567,0.3458375,0.3755381,0.3727492,0.2863712,,,,0.4071582,0.4698397,0.561047,,,,0.1127339,0.5026166,Solo 1 prueba
ID19,18E,14.66,2.42,10.58,0.0,0.0,1.0,1.0,1.0,0.2779467,0.5332208,0.1532768,0.2522536,0.3214688,0.3604955,0.4355871,0.3583529,0.5500699,0.654503,0.6837997,0.6839186,0.6821885,0.6512758,0.4046522,0.4963053,
ID19,19E,52.16,32.3,37.6,0.0,0.0,1.0,1.0,1.0,0.38858,0.6792291,0.2305351,0.2123563,0.2795487,0.2255219,0.1958829,0.1612325,0.480316,0.458516,0.4404505,0.4547733,0.4461756,0.4201525,0.1170374,0.3341104,
ID20,1,10.53,0.8,,0.0,0.0,0.0,1.0,1.0,,,,,,,,,,,,,,,0.1703789,0.1957683,no hay info sobre las valencias y arousal de la prueba
ID20,2,15.49,7.0,,1.0,0.0,0.0,1.0,1.0,0.09614293,0.5222292,0.3860455,0.3679494,0.363344,,,,0.8721011,0.844321,0.7958533,,,,0.4613658,0.5818599,primero rechaza probarlo y luego acepta la 2da prueba
ID20,3,17.69,0.0,12.13,0.0,0.0,0.0,1.0,1.0,0.5141512,0.7378875,,0.5141512,0.3780178,0.3945285,0.4862065,0.4136074,,0.7378875,0.739383,0.6395366,0.6716382,0.6685895,0.1361457,0.6543771,
ID20,4,15.79,0.68,8.5,0.0,1.0,0.0,1.0,1.0,,,,,,0.4081616,0.5295964,0.4357865,,,,0.692447,0.9359133,0.9270751,0.323729,0.5016868,"despues de la primera prueba le pega a la cuchara y llora, pero acepta la segunda prueba"
ID20,5,14.33,1.7,9.0,0.0,0.0,0.0,1.0,1.0,0.2589517,0.770025,0.328308,0.3188061,0.2525156,0.1246159,0.2126267,0.3206176,0.6989214,0.64034,0.593152,0.5271703,0.4579734,0.419493,0.06233454,0.5610442,
ID20,6,6.53,,,1.0,1.0,0.0,0.0,0.0,0.4416167,0.8647959,,,,,,,,,,,,,0.4337946,0.9098958,Se encuentra llorando al momento en el que se le ofrece la papilla
ID20,7,14.49,1.0,9.0,0.0,0.0,0.0,1.0,1.0,0.2440876,0.5480917,0.1881282,0.1605448,0.1952323,0.2740583,0.2957791,0.261474,0.5349632,0.4984954,0.4756728,0.5882165,0.5703027,0.5427138,0.1212094,0.6043993,
ID20,8,14.13,1.0,8.9,0.0,0.0,0.0,1.0,1.0,0.3804438,0.7079042,0.3961562,0.3211251,0.2234514,0.3139898,0.4504476,0.2814984,0.7042536,0.6863049,0.6578758,0.8322502,0.7959521,0.7375098,0.06319571,0.6101564,
ID20,9,16.53,0.9,11.23,0.0,0.0,0.0,1.0,1.0,0.4261579,0.8343125,0.4038352,0.3590941,0.2612633,0.6117668,0.6288712,0.5171399,0.8330181,0.8090007,0.7530113,0.787804,0.8431981,0.819261,0.06239213,0.845494,
ID20,10,16.23,1.5,9.6,0.0,0.0,0.0,1.0,1.0,0.4223329,0.99,0.5132324,0.4620187,0.3224799,0.2185728,0.3455367,0.4798052,0.9725904,0.9398939,0.9055985,0.5179231,0.6933807,0.6957919,0.05949632,0.5117638,
ID20,11,18.36,0.9,6.2,0.0,0.0,0.0,1.0,1.0,0.4014294,0.8669125,0.4149696,0.4097128,0.2521963,0.2137046,0.3196987,0.3644982,0.8695239,0.8547065,0.8466964,0.8284124,0.7671652,0.7301556,0.06658884,0.6796851,consume hasta una 3ra prueba de papilla
ID20,12,17.29,0.8,11.5,0.0,0.0,0.0,1.0,1.0,,,,,,,,,,,,,,,,,no hay info sobre las valencias y arousal de las pruebas
ID20,13,18.46,1.5,6.5,0.0,0.0,0.0,1.0,1.0,0.3113367,0.405175,0.3194722,0.3693378,0.4248084,,,,0.4168865,0.7141575,0.7574114,,,,0.1783248,0.402727,consume hasta una 3ra prueba de papilla
ID20,14,15.09,0.9,7.2,0.0,0.0,0.0,1.0,1.0,0.2785861,0.5979875,0.2986991,0.3046072,0.334293,0.2843646,0.3186125,0.2729491,0.6389856,0.6361904,0.6112142,0.7740388,0.8171718,0.7464277,0.2700588,0.4359049,
ID20,15,16.49,1.5,12.0,0.0,0.0,0.0,1.0,1.0,0.4790146,0.7460667,0.5241385,0.5900274,0.4963839,0.3505393,0.4493093,0.3507945,0.7327968,0.8682837,0.8627015,0.8042955,0.7910719,0.7790394,0.258461,0.7223393,
